zone,device_id,driver_id,sensor_template,platform,notes
mechanical,thalow_mech_01,thalow_mech,1,lilygo-t-halow,"Mechanical room"
kitchen,thalow_kitchen_01,thalow_kitchen,5,lilygo-t-halow,"Kitchen refer/freezer"
kitchen-sinks,thalow_kitchen_sinks,thalow_kitchen_sinks,6,lilygo-t-halow,"Kitchen six sinks"
rm101-room,thalow_rm101_room,thalow_rm101_room,2,lilygo-t-halow,"RM101 room"
rm101-bath,thalow_rm101_bath,thalow_rm101_bath,3,lilygo-t-halow,"RM101 bath"
rm102-room,thalow_rm102_room,thalow_rm102_room,2,lilygo-t-halow,"RM102 room"
rm102-bath,thalow_rm102_bath,thalow_rm102_bath,3,lilygo-t-halow,"RM102 bath"
comm-gf-lounge-r1,thalow_comm_gf_rr1,thalow_comm_gf_rr1,3,lilygo-t-halow,"GF lounge RR1 bath"
hvac-fl1,hvac_mcsa_fl1,hvac_mcsa_fl1,mcsa-hvac,mcxn947-hvac,"Floor 1 rooftop — Nexcomm HVAC MCSA"
hvac-fl2,hvac_mcsa_fl2,hvac_mcsa_fl2,mcsa-hvac,mcxn947-hvac,"Floor 2 rooftop — Nexcomm HVAC MCSA"
hvac-fl3,hvac_mcsa_fl3,hvac_mcsa_fl3,mcsa-hvac,mcxn947-hvac,"Floor 3 rooftop — Nexcomm HVAC MCSA"
pool-chem,pool_sensor_01,pool_sensor_01,mcxn947-pool,mcxn947-pool,"Therapy pool — MCXN947 chemistry"
pool-deck,thalow_pool_deck,thalow_pool_deck,custom,lilygo-t-halow,"Therapy pool — deck I/O"
