role,category,station_name,station_slug,station_type,design_gpd,lat,lng,device_id,device_slug,gateway_id,driver_id,address,owner
collection,lift,"Collection LS-01",magnolia-ls-1,simplex,10000,28.7777,-81.2751,mv_ls_magnolia_01,dev-magnolia-ls-1,gw_dev-magnolia-ls-1,drv_magnolia_ls_1,"101 Village Ln, Sanford, FL",PeakLogic ATU Service
collection,lift,"Collection LS-02",magnolia-ls-2,simplex,10000,28.77828732180446,-81.27077376207875,mv_ls_magnolia_02,dev-magnolia-ls-2,gw_dev-magnolia-ls-2,drv_magnolia_ls_2,"102 Village Ln, Sanford, FL",PeakLogic ATU Service
collection,lift,"Collection LS-03",magnolia-ls-3,simplex,10000,28.7799917960675,-81.2668710064679,mv_ls_magnolia_03,dev-magnolia-ls-3,gw_dev-magnolia-ls-3,drv_magnolia_ls_3,"103 Village Ln, Sanford, FL",PeakLogic ATU Service
collection,lift,"Collection LS-04",magnolia-ls-4,simplex,10000,28.78264657697249,-81.26377376207874,mv_ls_magnolia_04,dev-magnolia-ls-4,gw_dev-magnolia-ls-4,drv_magnolia_ls_4,"104 Village Ln, Sanford, FL",PeakLogic ATU Service
collection,lift,"Collection LS-05",magnolia-ls-5,simplex,10000,28.7859917960675,-81.26178520877187,mv_ls_magnolia_05,dev-magnolia-ls-5,gw_dev-magnolia-ls-5,drv_magnolia_ls_5,"105 Village Ln, Sanford, FL",PeakLogic ATU Service
collection,lift,"Collection LS-06",magnolia-ls-6,simplex,10000,28.7897,-81.2611,mv_ls_magnolia_06,dev-magnolia-ls-6,gw_dev-magnolia-ls-6,drv_magnolia_ls_6,"106 Village Ln, Sanford, FL",PeakLogic ATU Service
collection,lift,"Collection LS-07",magnolia-ls-7,simplex,10000,28.7934082039325,-81.26178520877187,mv_ls_magnolia_07,dev-magnolia-ls-7,gw_dev-magnolia-ls-7,drv_magnolia_ls_7,"107 Village Ln, Sanford, FL",PeakLogic ATU Service
collection,lift,"Collection LS-08",magnolia-ls-8,simplex,10000,28.79675342302751,-81.26377376207874,mv_ls_magnolia_08,dev-magnolia-ls-8,gw_dev-magnolia-ls-8,drv_magnolia_ls_8,"108 Village Ln, Sanford, FL",PeakLogic ATU Service
collection,lift,"Collection LS-09",magnolia-ls-9,simplex,10000,28.7994082039325,-81.2668710064679,mv_ls_magnolia_09,dev-magnolia-ls-9,gw_dev-magnolia-ls-9,drv_magnolia_ls_9,"109 Village Ln, Sanford, FL",PeakLogic ATU Service
collection,lift,"Collection LS-10",magnolia-ls-10,simplex,10000,28.80111267819554,-81.27077376207875,mv_ls_magnolia_10,dev-magnolia-ls-10,gw_dev-magnolia-ls-10,drv_magnolia_ls_10,"110 Village Ln, Sanford, FL",PeakLogic ATU Service
collection,lift,"Collection LS-11",magnolia-ls-11,simplex,10000,28.7777,-81.2751,mv_ls_magnolia_11,dev-magnolia-ls-11,gw_dev-magnolia-ls-11,drv_magnolia_ls_11,"111 Village Ln, Sanford, FL",PeakLogic ATU Service
collection,lift,"Collection LS-12",magnolia-ls-12,simplex,10000,28.77828732180446,-81.27077376207875,mv_ls_magnolia_12,dev-magnolia-ls-12,gw_dev-magnolia-ls-12,drv_magnolia_ls_12,"112 Village Ln, Sanford, FL",PeakLogic ATU Service
collection,lift,"Collection LS-13",magnolia-ls-13,simplex,10000,28.7799917960675,-81.2668710064679,mv_ls_magnolia_13,dev-magnolia-ls-13,gw_dev-magnolia-ls-13,drv_magnolia_ls_13,"113 Village Ln, Sanford, FL",PeakLogic ATU Service
collection,lift,"Collection LS-14",magnolia-ls-14,simplex,10000,28.78264657697249,-81.26377376207874,mv_ls_magnolia_14,dev-magnolia-ls-14,gw_dev-magnolia-ls-14,drv_magnolia_ls_14,"114 Village Ln, Sanford, FL",PeakLogic ATU Service
collection,lift,"Collection LS-15",magnolia-ls-15,simplex,10000,28.7859917960675,-81.26178520877187,mv_ls_magnolia_15,dev-magnolia-ls-15,gw_dev-magnolia-ls-15,drv_magnolia_ls_15,"115 Village Ln, Sanford, FL",PeakLogic ATU Service
collection,lift,"Collection LS-16",magnolia-ls-16,simplex,10000,28.7897,-81.2611,mv_ls_magnolia_16,dev-magnolia-ls-16,gw_dev-magnolia-ls-16,drv_magnolia_ls_16,"116 Village Ln, Sanford, FL",PeakLogic ATU Service
collection,lift,"Collection LS-17",magnolia-ls-17,simplex,10000,28.7934082039325,-81.26178520877187,mv_ls_magnolia_17,dev-magnolia-ls-17,gw_dev-magnolia-ls-17,drv_magnolia_ls_17,"117 Village Ln, Sanford, FL",PeakLogic ATU Service
collection,lift,"Collection LS-18",magnolia-ls-18,simplex,10000,28.79675342302751,-81.26377376207874,mv_ls_magnolia_18,dev-magnolia-ls-18,gw_dev-magnolia-ls-18,drv_magnolia_ls_18,"118 Village Ln, Sanford, FL",PeakLogic ATU Service
collection,lift,"Collection LS-19",magnolia-ls-19,simplex,10000,28.7994082039325,-81.2668710064679,mv_ls_magnolia_19,dev-magnolia-ls-19,gw_dev-magnolia-ls-19,drv_magnolia_ls_19,"119 Village Ln, Sanford, FL",PeakLogic ATU Service
collection,lift,"Collection LS-20",magnolia-ls-20,simplex,10000,28.80111267819554,-81.27077376207875,mv_ls_magnolia_20,dev-magnolia-ls-20,gw_dev-magnolia-ls-20,drv_magnolia_ls_20,"120 Village Ln, Sanford, FL",PeakLogic ATU Service
booster,lift,"Booster BS-1",magnolia-bs-1,dual_duplex,10000,28.7887,-81.2751,mv_ls_magnolia_bs1,dev-magnolia-bs-1,gw_dev-magnolia-bs-1,drv_magnolia_bs_1,"Magnolia Village — zone 1 duplex booster",PeakLogic ATU Service
booster,lift,"Booster BS-2",magnolia-bs-2,dual_duplex,10000,28.7907,-81.2751,mv_ls_magnolia_bs2,dev-magnolia-bs-2,gw_dev-magnolia-bs-2,drv_magnolia_bs_2,"Magnolia Village — zone 2 duplex booster",PeakLogic ATU Service
atu,atu,"Magnolia DWTU-1",magnolia-dwtu-1,quad_atu,10000,28.7877,-81.2721,mv_atu_magnolia_z1,dev-magnolia-dwtu-1,gw_dev-magnolia-dwtu-1,drv_magnolia_dwtu_1,"4250 Magnolia Bend Dr — zone 1 treatment plant",PeakLogic ATU Service
atu,atu,"Magnolia DWTU-2",magnolia-dwtu-2,quad_atu,10000,28.7917,-81.2721,mv_atu_magnolia_z2,dev-magnolia-dwtu-2,gw_dev-magnolia-dwtu-2,drv_magnolia_dwtu_2,"4300 Magnolia Bend Dr — zone 2 treatment plant",PeakLogic ATU Service
