tenant_slug,site_slug,site_name,store_number,address,county,lat,lng,monitored,monitor_type,station_type,phase,iot_link_phase2,device_id,product,has_ct,location_class,template_id,driver_id,tag_prefix
circle-k-florida,tampa-fowler-ave,"Circle K #2701045 — Tampa Fowler Ave",2701045,"4202 E Fowler Ave, Tampa, FL 33620",hillsborough,28.054,-82.411,1,,dual_duplex,1,1,mv_ck_tampa_fowler_01,arduino opta mqtt parc,1,cstore,lift_station_dual_duplex,ck_tampa_fowler_ave,TAMPA_FOWL
circle-k-florida,orlando-colonial-dr,"Circle K #2702712 — Orlando Colonial Dr",2702712,"12301 E Colonial Dr, Orlando, FL 32826",orange,28.569,-81.208,1,,dual_duplex,1,1,mv_ck_orlando_colonial_01,arduino opta mqtt parc,1,cstore,lift_station_dual_duplex,ck_orlando_colonial_dr,ORLANDO_CO
circle-k-florida,miami-nw-27th,"Circle K #2703891 — Miami NW 27th Ave",2703891,"8901 NW 27th Ave, Miami, FL 33147",miami-dade,25.857,-80.244,1,,dual_duplex,1,1,mv_ck_miami_nw27_01,arduino opta mqtt parc,1,cstore,lift_station_dual_duplex,ck_miami_nw_27th,MIAMI_NW_2
circle-k-florida,jacksonville-beach-blvd,"Circle K #2701523 — Jacksonville Beach Blvd",2701523,"8500 Beach Blvd, Jacksonville, FL 32216",duval,30.287,-81.589,1,,dual_duplex,1,1,mv_ck_jax_beach_01,arduino opta mqtt parc,1,cstore,lift_station_dual_duplex,ck_jacksonville_beach_blvd,JACKSONVIL
circle-k-florida,ft-lauderdale-federal,"Circle K #2704410 — Fort Lauderdale Federal Hwy",2704410,"2200 S Federal Hwy, Fort Lauderdale, FL 33316",broward,26.112,-80.137,1,,dual_duplex,1,1,mv_ck_ftl_federal_01,arduino opta mqtt parc,1,cstore,lift_station_dual_duplex,ck_ft_lauderdale_federal,FT_LAUDERD
circle-k-florida,gainesville-university-ave,"Circle K #2701988 — Gainesville University Ave",2701988,"1700 W University Ave, Gainesville, FL 32603",alachua,29.652,-82.349,1,,dual_duplex,1,1,mv_ck_gainesville_univ_01,arduino opta mqtt parc,1,cstore,lift_station_dual_duplex,ck_gainesville_university_ave,GAINESVILL
circle-k-florida,tallahassee-tennessee-st,"Circle K #2703055 — Tallahassee Tennessee St",2703055,"1202 W Tennessee St, Tallahassee, FL 32304",leon,30.445,-84.298,1,,dual_duplex,1,1,mv_ck_tally_tenn_01,arduino opta mqtt parc,1,cstore,lift_station_dual_duplex,ck_tallahassee_tennessee_st,TALLAHASSE
circle-k-florida,naples-airport-rd,"Circle K #2705122 — Naples Airport Rd",2705122,"4100 Airport-Pulling Rd N, Naples, FL 34105",collier,26.154,-81.775,1,,dual_duplex,1,1,mv_ck_naples_airport_01,arduino opta mqtt parc,1,cstore,lift_station_dual_duplex,ck_naples_airport_rd,NAPLES_AIR
circle-k-florida,pensacola-davis-hwy,"Circle K #2700876 — Pensacola Davis Hwy",2700876,"6200 N Davis Hwy, Pensacola, FL 32504",escambia,30.474,-87.212,1,,dual_duplex,1,1,mv_ck_pensacola_davis_01,arduino opta mqtt parc,1,cstore,lift_station_dual_duplex,ck_pensacola_davis_hwy,PENSACOLA_
circle-k-florida,st-pete-4th-st,"Circle K #2702234 — St Petersburg 4th St N",2702234,"4501 4th St N, St Petersburg, FL 33703",pinellas,27.813,-82.638,1,,dual_duplex,1,1,mv_ck_stpete_4th_01,arduino opta mqtt parc,1,cstore,lift_station_dual_duplex,ck_st_pete_4th_st,ST_PETE_4T
circle-k-florida,lakeland-us98,"Circle K #2703677 — Lakeland US Hwy 98",2703677,"4520 US Hwy 98 N, Lakeland, FL 33809",polk,28.118,-81.973,1,,dual_duplex,1,1,mv_ck_lakeland_us98_01,arduino opta mqtt parc,1,cstore,lift_station_dual_duplex,ck_lakeland_us98,LAKELAND_U
circle-k-florida,daytona-isp-blvd,"Circle K #2704189 — Daytona Beach ISB",2704189,"1400 International Speedway Blvd, Daytona Beach, FL 32114",volusia,29.185,-81.071,1,,dual_duplex,1,1,mv_ck_daytona_isb_01,arduino opta mqtt parc,1,cstore,lift_station_dual_duplex,ck_daytona_isp_blvd,DAYTONA_IS
