datelogged,High Level Float [System 1],High Level Float [System 2],Blower 1 [System 1],Blower 1 [System 2],Blower 2 [System 1],Blower 2 [System 2],Pressure Alarm 1 [System 1],Pressure Alarm 1 [System 2],Remote Pump Panel 1 Alarm,Remote Pump Panel 2 Alarm,Pump Motor Run 1 [System 1],Pump Motor Run 1 [System 2],Pump Motor Run 2 [System 1],Pump Motor Run 2 [System 2],DIN15,DIN16,AIN1,Pump Motor 2 Amps [System 1],Pump Motor 1 Amps [System 1],Pump Motor 1 Amps [System 2],Pump Motor 2 Amps [System 2],Blower 2 Amps,Blower 1 Amps,Pump Motor 1 Starts [System 1],Pump Motor 1 Run Time [System 1],Pump Motor 2 Starts [System 1],Pump Motor 2 Run Time [System 1],Total Flow previous 1Hr [System 1],Pump Motor 1 Starts [System 2],Pump Motor 1 Run Time [System 2],Pump Motor 2 Starts [System 2],Pump Motor 2 Run Time [System 2],Total Flow previous 1Hr [System 2]
2026-08-06 00:13:01,Off,On,On,Off,Off,Off,Off,Off,On,On,Off,On,Off,On,0,0,0,0.04131301115241636,0.0147910780669145,7.9361784386617105,2.0064862453531602,14.434052044609667,14.266249814126397,4781,2370.244722222222,3784,1295.6988888888889,0,3667,1417.0758333333333,3635,1179.7752777777778,2003240.7499999998
2026-08-06 00:28:08,Off,On,On,Off,Off,Off,Off,Off,On,On,Off,On,Off,On,0,0,0,0.05253382899628253,0.011220817843866172,0.08976654275092938,0.0147910780669145,14.449353159851304,14.24737843866171,4781,2370.244722222222,3784,1295.6988888888889,0,3667,1417.3274999999999,3635,1180.0269444444446,2002712.25
2026-08-06 00:43:14,Off,On,On,Off,Off,Off,Off,Off,On,On,Off,On,Off,On,0,0,0.0007,0.05253382899628253,0.0147910780669145,0.08976654275092938,0.0147910780669145,14.706921933085503,14.527898884758363,4781,2370.244722222222,3784,1295.6988888888889,0,3667,1417.5794444444443,3635,1180.278888888889,2002183.1666666665
2026-08-06 00:58:21,Off,On,On,Off,Off,Off,Off,Off,On,On,Off,On,Off,On,0,0,0.0007,0.09690706319702604,0.05967434944237919,7.715842379182156,1.9616029739776952,14.804339033457252,14.426911524163568,4781,2370.244722222222,3784,1295.6988888888889,0,3667,1417.831111111111,3635,1180.5305555555556,2001654.6666666665
2026-08-06 01:13:27,Off,On,On,Off,Off,Off,Off,Off,On,On,Off,On,Off,On,0,0,0.0007,0.11577843866171006,0.022441635687732345,0.026011895910780673,0.04845353159851302,14.793118215613383,13.862300371747214,4781,2370.244722222222,3784,1295.6988888888889,0,3667,1418.0827777777777,3635,1180.7822222222223,2001126.1666666665
2026-08-06 01:28:33,Off,On,On,Off,Off,Off,Off,Off,On,On,Off,On,Off,On,0,0,0.0007,0.011220817843866172,0.16066171003717475,7.704621561338291,2.0064862453531602,14.643677323420077,14.449353159851304,4781,2370.244722222222,3784,1295.6988888888889,0,3667,1418.3347222222221,3635,1181.0341666666668,2000597.0833333333
2026-08-06 01:43:40,Off,On,On,Off,Off,Off,Off,Off,On,On,Off,On,Off,On,0,0,0.0007,0.13056951672862455,0.07089516728624536,0.05610408921933086,0.04131301115241636,14.819130111524165,14.591143494423793,4781,2370.244722222222,3784,1295.6988888888889,0,3667,1418.586388888889,3635,1181.2858333333331,2000068.5833333333
2026-08-06 01:58:46,Off,On,On,Off,Off,Off,Off,Off,On,On,Off,On,Off,On,0,0,0,0.18310334572490708,0.03366245353159852,0.007650557620817845,0.03009219330855019,14.815559851301114,14.60593457249071,4781,2370.244722222222,3784,1295.6988888888889,0,3667,1418.8380555555557,3635,1181.5375,1999540.0833333333
2026-08-06 02:13:52,Off,On,On,Off,Off,Off,Off,Off,On,On,Off,On,Off,On,0,0,0.0007,0.08211598513011154,0.0147910780669145,7.61893531598513,1.9391613382899628,14.785467657992566,13.847509293680298,4781,2370.244722222222,3784,1295.6988888888889,0,3667,1419.09,3635,1181.7894444444444,1999011
2026-08-06 02:28:59,Off,On,On,Off,Off,Off,Off,Off,On,On,Off,On,Off,On,0,0,0,0.04845353159851302,0.007650557620817845,0.037232713754646846,0.0785457249070632,14.811479553903347,14.557481040892196,4781,2370.244722222222,3784,1295.6988888888889,0,3667,1419.3416666666667,3635,1182.041111111111,1998482.5
2026-08-06 02:44:05,Off,On,On,Off,Off,Off,Off,Off,On,On,Off,On,Off,On,0,0,0.0007,0.0035702602230483277,0.03009219330855019,0,0.05610408921933086,14.744154646840148,13.92248475836431,4781,2370.244722222222,3784,1295.6988888888889,0,3667,1419.5933333333335,3635,1182.2927777777777,1997954
2026-08-06 02:59:11,Off,On,On,Off,Off,Off,Off,Off,On,On,Off,On,Off,On,0,0,0,0.04845353159851302,0.007650557620817845,0.037232713754646846,0.007650557620817845,14.512597769516729,14.33357472118959,4781,2370.244722222222,3784,1295.6988888888889,0,3667,1419.8452777777777,3635,1182.5447222222222,1997424.9166666665
2026-08-06 03:14:18,Off,On,On,Off,Off,Off,Off,Off,On,On,Off,On,Off,On,0,0,0,0.03366245353159852,0.011220817843866172,0.011220817843866172,0.05253382899628253,14.793118215613383,13.862300371747214,4781,2370.244722222222,3784,1295.6988888888889,0,3667,1420.0972222222222,3635,1182.7966666666666,1996896.4166666667
2026-08-06 03:29:24,Off,On,On,Off,Off,Off,Off,Off,On,On,Off,On,Off,On,0,0,0.0007,0.05610408921933086,0.05253382899628253,7.828050557620819,1.9804743494423793,14.4830156133829,14.187704089219332,4781,2370.244722222222,3784,1295.6988888888889,0,3667,1420.3486111111113,3635,1183.0480555555555,1996367.9166666667
2026-08-06 03:44:30,Off,On,On,Off,Off,Off,Off,Off,On,On,Off,On,Off,On,0,0,0.0007,0.011220817843866172,0.037232713754646846,0.04488327137546469,0.007650557620817845,14.527898884758363,14.374377695167286,4781,2370.244722222222,3784,1295.6988888888889,0,3667,1420.6005555555557,3635,1183.3,1995838.8333333333
2026-08-06 03:59:36,Off,On,On,Off,Off,Off,Off,Off,On,On,Off,On,Off,On,0,0,0.0007,0.037232713754646846,0.007650557620817845,0.0035702602230483277,0.007650557620817845,14.654898141263944,14.053054275092938,4781,2370.244722222222,3784,1295.6988888888889,0,3667,1420.8522222222223,3635,1183.5516666666667,1995309.75
2026-08-06 04:14:43,Off,On,On,Off,Off,Off,Off,Off,On,On,Off,On,Off,On,0,0,0.0007,0.11577843866171006,0.022441635687732345,0.03009219330855019,0.026011895910780673,14.8079092936803,14.610014869888479,4781,2370.244722222222,3784,1295.6988888888889,0,3667,1421.103888888889,3635,1183.8033333333333,1994781.8333333333
2026-08-06 04:29:49,Off,On,On,Off,Off,Off,Off,Off,On,On,Off,On,Off,On,0,0,0.0007,0,0.03009219330855019,0.0035702602230483277,0.05967434944237919,14.744154646840148,13.974508550185874,4781,2370.244722222222,3784,1295.6988888888889,0,3667,1421.3558333333335,3635,1184.0552777777777,1994252.75
2026-08-06 04:44:56,Off,On,On,Off,Off,Off,Off,Off,On,On,Off,On,Off,On,0,0,0.0007,0.007650557620817845,0.007650557620817845,7.731143494423792,2.032498141263941,14.647247583643123,14.449353159851304,4781,2370.244722222222,3784,1295.6988888888889,0,3667,1421.6074999999998,3635,1184.3069444444445,1993724.2499999998
2026-08-06 05:00:02,Off,On,On,Off,Off,Off,Off,Off,On,On,Off,On,Off,On,0,0,0.0007,0.0933368029739777,0.018871375464684016,0,0.04845353159851302,14.748234944237922,13.963287732342007,4781,2370.244722222222,3784,1295.6988888888889,0,3667,1421.8591666666666,3635,1184.558611111111,1993195.7499999998
2026-08-06 05:15:08,Off,On,On,Off,Off,Off,Off,Off,On,On,Off,On,Off,On,0,0,0.0007,0.04488327137546469,0.03009219330855019,0.018871375464684016,0.022441635687732345,14.804339033457252,14.598794052044608,4781,2370.244722222222,3784,1295.6988888888889,0,3667,1422.111111111111,3635,1184.8105555555555,1992666.6666666667
2026-08-06 05:30:15,Off,On,On,Off,Off,Off,Off,Off,On,On,Off,On,Off,On,0,0,0.0007,0.0035702602230483277,0.04131301115241636,7.786737546468401,1.9763940520446102,14.729363568773234,13.985729368029745,4781,2370.244722222222,3784,1295.6988888888889,0,3667,1422.3627777777776,3635,1185.0622222222223,1992138.1666666665
2026-08-06 05:45:21,Off,On,On,Off,Off,Off,Off,Off,On,On,Off,On,Off,On,0,0,0,0.04845353159851302,0.011220817843866172,0.04488327137546469,0.007650557620817845,14.520248327137548,14.351936059479556,4781,2370.244722222222,3784,1295.6988888888889,0,3667,1422.6144444444444,3635,1185.3138888888889,1991609.6666666665
2026-08-06 06:00:27,Off,On,On,Off,Off,Off,Off,Off,On,On,Off,On,Off,On,0,0,0.0007,0.037232713754646846,0.0147910780669145,7.876504089219331,2.0064862453531602,14.796688475836433,14.598794052044608,4781,2370.244722222222,3784,1295.6988888888889,0,3667,1422.8663888888889,3635,1185.5658333333333,1991080.5833333333
2026-08-06 06:15:34,Off,On,On,Off,Off,Off,Off,Off,On,On,Off,On,Off,On,0,0,0.0007,0.0035702602230483277,0.1683122676579926,0.037232713754646846,0.007650557620817845,14.725793308550188,14.557481040892196,4781,2370.244722222222,3784,1295.6988888888889,0,3667,1423.1180555555554,3635,1185.8175,1990552.0833333333
2026-08-06 06:30:39,Off,On,On,Off,Off,Off,Off,Off,On,On,Off,On,Off,On,0,0,0.0007,0.05610408921933086,0.04488327137546469,0.026011895910780673,0.0035702602230483277,14.505457249070632,14.161692193308554,4781,2370.244722222222,3784,1295.6988888888889,0,3667,1423.37,3635,1186.0694444444446,1990023.5833333333
2026-08-06 06:45:46,Off,On,On,Off,Off,Off,Off,Off,On,On,Off,On,Off,On,0,0,0,0.0035702602230483277,0.026011895910780673,7.9178171003717495,2.0100565055762085,14.751805204460968,13.929625278810411,4781,2370.244722222222,3784,1295.6988888888889,0,3667,1423.621388888889,3635,1186.3208333333334,1989494.5
2026-08-06 07:00:52,Off,On,On,Off,Off,Off,Off,Off,On,On,Off,On,Off,On,0,0,0,0.09690706319702604,0.018871375464684016,0.018871375464684016,0.0035702602230483277,14.568701858736063,14.415690706319705,4781,2370.244722222222,3784,1295.6988888888889,0,3667,1423.8730555555555,3635,1186.5725,1988966
2026-08-06 07:15:57,Off,On,On,Off,Off,Off,Off,Off,On,On,Off,On,Off,On,0,0,0.0007,0.0933368029739777,0.018871375464684016,0.04488327137546469,0.007650557620817845,14.561051301115244,14.408040148698886,4781,2370.244722222222,3784,1295.6988888888889,0,3667,1424.1247222222223,3635,1186.8241666666665,1988436.9166666667
2026-08-06 07:31:03,Off,On,On,Off,Off,Off,Off,Off,On,On,Off,On,Off,On,0,0,0.0007,0.14587063197026023,0.13056951672862455,0.011220817843866172,0.04131301115241636,14.793118215613383,14.516678066914501,4781,2370.244722222222,3784,1295.6988888888889,0,3667,1424.3763888888889,3635,1187.0758333333333,1987909
2026-08-06 07:46:10,Off,On,On,Off,Off,Off,Off,Off,On,On,Off,On,Off,On,0,0,0,0.04845353159851302,0.011220817843866172,0.12342899628252789,0.022441635687732345,14.400389591078067,14.258599256505578,4781,2370.244722222222,3784,1295.6988888888889,0,3667,1424.6280555555556,3635,1187.3274999999999,1987380.5
2026-08-06 08:01:15,Off,On,On,Off,Off,Off,Off,Off,On,On,Off,On,Off,On,0,0,0.0007,0.0035702602230483277,0.05253382899628253,7.903026022304833,2.002915985130112,14.490156133829,14.161692193308554,4781,2370.244722222222,3784,1295.6988888888889,0,3667,1424.8797222222224,3635,1187.5791666666667,1986852
2026-08-06 08:16:21,Off,On,On,Off,Off,Off,Off,Off,On,On,Off,On,Off,On,0,0,0.0007,0.018871375464684016,0.026011895910780673,0.018871375464684016,0.06732490706319703,14.751805204460968,13.926055018587363,4781,2370.244722222222,3784,1295.6988888888889,0,3667,1425.1313888888888,3635,1187.8308333333334,1986323.5
2026-08-06 08:31:28,Off,On,On,Off,Off,Off,Off,Off,On,On,Off,On,Off,On,0,0,0.0007,0.022441635687732345,0.007650557620817845,0.007650557620817845,0.05610408921933086,14.755375464684015,13.888822304832715,4781,2370.244722222222,3784,1295.6988888888889,0,3667,1425.3830555555555,3635,1188.0825,1985795
2026-08-06 08:46:34,Off,On,On,Off,Off,Off,Off,Off,On,On,Off,On,Off,On,0,0,0.0007,0.007650557620817845,0.0035702602230483277,0.018871375464684016,0.12699925650557622,14.48658587360595,14.325924163568775,4781,2370.244722222222,3784,1295.6988888888889,0,3667,1425.635,3635,1188.3344444444444,1985266.5
2026-08-06 09:01:40,Off,On,On,Off,Off,Off,Off,Off,On,On,Off,On,Off,On,0,0,0.0007,0.04131301115241636,0.011220817843866172,0.0035702602230483277,0.05610408921933086,14.759455762081785,13.895962825278811,4781,2370.244722222222,3784,1295.6988888888889,0,3667,1425.8866666666665,3635,1188.5861111111112,1984737.9999999998
2026-08-06 09:16:47,Off,On,On,Off,Off,Off,Off,Off,On,On,Off,On,Off,On,0,0,0.0007,0.1570914498141264,0.03009219330855019,8.115711524163569,2.0513695167286246,14.4228312267658,14.262169516728624,4781,2370.244722222222,3784,1295.6988888888889,0,3667,1426.1383333333333,3635,1188.8377777777778,1984209.4999999998
2026-08-06 09:31:53,Off,On,On,Off,Off,Off,Off,Off,On,On,Off,On,Off,On,0,0,0.0007,0,0.04488327137546469,0,0.05967434944237919,14.740584386617101,13.918404460966542,4781,2370.244722222222,3784,1295.6988888888889,0,3667,1426.3902777777778,3635,1189.0897222222222,1983680.4166666667
2026-08-06 09:46:59,Off,On,On,Off,Off,Off,Off,Off,On,On,Off,On,Off,On,0,0,0.0007,0.0147910780669145,0.0035702602230483277,0.026011895910780673,0.0035702602230483277,14.438132342007437,14.28104089219331,4781,2370.244722222222,3784,1295.6988888888889,0,3667,1426.6419444444443,3635,1189.341388888889,1983151.9166666665
2026-08-06 10:02:06,Off,On,On,Off,Off,Off,Off,Off,On,On,Off,On,Off,On,0,0,0.0007,0.007650557620817845,0.03009219330855019,7.760725650557622,1.9763940520446102,14.763026022304835,13.847509293680298,4781,2370.244722222222,3784,1295.6988888888889,0,3667,1426.893611111111,3635,1189.5930555555556,1982623.4166666665
2026-08-06 10:17:12,Off,On,On,Off,Off,Off,Off,Off,On,On,Off,On,Off,On,0,0,0,0.011220817843866172,0.04488327137546469,0.04845353159851302,0.011220817843866172,14.579922676579926,14.445272862453534,4781,2370.244722222222,3784,1295.6988888888889,0,3667,1427.1455555555556,3635,1189.845,1982094.3333333333
2026-08-06 10:32:18,Off,On,On,Off,Off,Off,Off,Off,On,On,Off,On,Off,On,0,0,0.0007,0.03009219330855019,0.007650557620817845,8.157024535315985,2.066160594795539,14.501376951672864,14.33357472118959,4781,2370.244722222222,3784,1295.6988888888889,0,3667,1427.3972222222221,3635,1190.0966666666668,1981565.8333333333
2026-08-06 10:47:25,Off,On,On,Off,Off,Off,Off,Off,On,On,Off,On,Off,On,0,0,0.0015,0.04845353159851302,0.022441635687732345,0.04488327137546469,0.007650557620817845,14.714572490706319,14.565131598513013,4781,2370.244722222222,3784,1295.6988888888889,0,3667,1427.648888888889,3635,1190.3483333333331,1981037.3333333333
2026-08-06 11:02:31,Off,On,On,Off,Off,Off,Off,Off,On,On,Off,On,Off,On,0,0,0,0.007650557620817845,0.007650557620817845,0.0035702602230483277,0.007650557620817845,14.438132342007437,14.195354646840148,4781,2370.244722222222,3784,1295.6988888888889,0,3667,1427.9008333333334,3635,1190.6002777777778,1980508.2499999998
2026-08-06 11:17:38,Off,On,On,Off,Off,Off,Off,Off,On,On,Off,On,Off,On,0,0,0.0007,0.018871375464684016,0.10098736059479556,8.063687732342009,2.040148698884759,14.662038661710037,14.056624535315985,4781,2370.244722222222,3784,1295.6988888888889,0,3667,1428.1525,3635,1190.8519444444444,1979979.75
2026-08-06 11:32:44,Off,On,On,Off,Off,Off,Off,Off,On,On,Off,On,Off,On,0,0,0.0007,0.011220817843866172,0.0035702602230483277,0.04488327137546469,0.05967434944237919,14.456493680297397,14.314703345724908,4781,2370.244722222222,3784,1295.6988888888889,0,3667,1428.4041666666667,3635,1191.103611111111,1979451.25
2026-08-06 11:47:50,Off,On,On,Off,Off,Off,Off,Off,On,On,Off,On,Off,On,0,0,0.0007,0.0147910780669145,0.007650557620817845,0.03366245353159852,0.007650557620817845,14.497806691449815,14.377947955390336,4781,2370.244722222222,3784,1295.6988888888889,0,3667,1428.6561111111112,3635,1191.3555555555554,1978922.1666666665
2026-08-06 12:02:57,Off,On,On,Off,Off,Off,Off,Off,On,On,Off,On,Off,On,0,0,0.0007,0.018871375464684016,0.0035702602230483277,0.0035702602230483277,0.10812788104089222,14.400389591078067,14.250948698884757,4781,2370.244722222222,3784,1295.6988888888889,0,3667,1428.9077777777777,3635,1191.6072222222222,1978393.6666666665
2026-08-06 12:18:03,Off,On,On,Off,Off,Off,Off,Off,On,On,Off,On,Off,On,0,0,0.0007,0.011220817843866172,0.0147910780669145,0.0147910780669145,0.05610408921933086,14.785467657992566,13.847509293680298,4781,2370.244722222222,3784,1295.6988888888889,0,3667,1429.1594444444445,3635,1191.858888888889,1977865.1666666667
2026-08-06 12:33:09,Off,On,On,Off,Off,Off,Off,Off,On,On,Off,On,Off,On,0,0,0.0007,0.03366245353159852,0.011220817843866172,7.988712267657993,2.0212773234200747,14.744154646840148,13.95971747211896,4781,2370.244722222222,3784,1295.6988888888889,0,3667,1429.411388888889,3635,1192.1108333333332,1977336.0833333333
2026-08-06 12:48:16,Off,On,On,Off,Off,Off,Off,Off,On,On,Off,On,Off,On,0,0,0.0007,0.24685799256505578,0.04845353159851302,0.0147910780669145,0.03009219330855019,14.815559851301114,14.59471375464684,4781,2370.244722222222,3784,1295.6988888888889,0,3667,1429.6630555555557,3635,1192.3625,1976807.5833333333
2026-08-06 13:03:22,Off,On,On,Off,Off,Off,Off,Off,On,On,Off,On,Off,On,0,0,0.0007,0.018871375464684016,0.011220817843866172,0.011220817843866172,0.05967434944237919,14.759455762081785,14.012251301115244,4781,2370.244722222222,3784,1295.6988888888889,0,3667,1429.9147222222223,3635,1192.6141666666667,1976279.0833333333
2026-08-06 13:18:28,Off,On,On,Off,Off,Off,Off,Off,On,On,Off,On,Off,On,0,0,0.0007,0.05253382899628253,0.011220817843866172,0.04131301115241636,0.007650557620817845,14.613585130111526,14.45292342007435,4781,2370.244722222222,3784,1295.6988888888889,0,3667,1430.1666666666667,3635,1192.866111111111,1975750
2026-08-06 13:33:35,Off,On,On,Off,Off,Off,Off,Off,On,On,Off,On,Off,On,0,0,0.0007,0.13464981412639407,0.026011895910780673,0.007650557620817845,0.04488327137546469,14.822700371747214,14.39681933085502,4781,2370.244722222222,3784,1295.6988888888889,0,3667,1430.4183333333335,3635,1193.1177777777777,1975221.5
2026-08-06 13:48:41,Off,On,On,Off,Off,Off,Off,Off,On,On,Off,On,Off,On,0,0,0.0007,0.007650557620817845,0.0147910780669145,7.929037918215613,1.9876148698884761,14.804339033457252,13.944926394052047,4781,2370.244722222222,3784,1295.6988888888889,0,3667,1430.6699999999998,3635,1193.3694444444445,1974692.9999999998
2026-08-06 14:03:47,Off,On,On,Off,Off,Off,Off,Off,On,On,Off,On,Off,On,0,0,0,0.0035702602230483277,0.05610408921933086,0.04131301115241636,0.007650557620817845,14.63245650557621,2.645562825278811,4781,2370.244722222222,3784,1295.6988888888889,0,3667,1430.9219444444445,3635,1193.621388888889,1974163.9166666667
2026-08-06 14:05:25,Off,On,Off,Off,Off,Off,Off,Off,On,On,Off,On,Off,On,0,0,0.0007,0.018871375464684016,0.0147910780669145,0,0.05253382899628253,14.796688475836433,2.7052371747211894,4781,2370.244722222222,3784,1295.6988888888889,0,3667,1430.9502777777777,3635,1193.6497222222222,1974163.9166666665
2026-08-06 14:20:31,Off,On,Off,Off,Off,Off,Off,Off,On,On,Off,On,Off,On,0,0,0.0007,0.08211598513011154,0.0147910780669145,0.007650557620817845,0.05967434944237919,14.804339033457252,2.738899628252789,4781,2370.244722222222,3784,1295.6988888888889,0,3667,1431.2008333333333,3635,1193.9002777777778,1973635.4166666665
2026-08-06 14:35:38,Off,On,Off,Off,Off,Off,Off,Off,On,On,Off,On,Off,On,0,0,0,0.018871375464684016,0.05610408921933086,0.022441635687732345,0.04131301115241636,14.875234200743497,2.746550185873606,4781,2370.244722222222,3784,1295.6988888888889,0,3667,1431.4524999999999,3635,1194.1519444444446,1973106.9166666667
2026-08-06 14:50:44,Off,On,Off,Off,Off,Off,Off,Off,On,On,Off,On,Off,On,0,0,0.0007,0.0035702602230483277,0.018871375464684016,0.026011895910780673,0.0035702602230483277,14.703351672862455,2.7424698884758363,4781,2370.244722222222,3784,1295.6988888888889,0,3667,1431.7041666666667,3635,1194.403611111111,1972577.8333333335
2026-08-06 15:05:50,Off,On,Off,Off,Off,Off,Off,Off,On,On,Off,On,Off,On,0,0,0.0007,0.03366245353159852,0.007650557620817845,0.05610408921933086,0.05610408921933086,14.878804460966544,2.764911524163569,4781,2370.244722222222,3784,1295.6988888888889,0,3667,1431.956111111111,3635,1194.6555555555556,1971992.1666666665
2026-08-06 15:18:34,Off,On,On,Off,Off,Off,Off,Off,On,On,Off,On,Off,On,0,0,0,0.11577843866171006,0.022441635687732345,0.037232713754646846,0.0933368029739777,14.904816356877324,14.65846840148699,4781,2370.244722222222,3784,1295.6988888888889,0,3667,1432.1694444444445,3635,1194.868888888889,1971992.1666666667
2026-08-06 15:33:39,Off,On,On,Off,Off,Off,Off,Off,On,On,Off,On,Off,On,0,0,0.0007,0.018871375464684016,0.007650557620817845,0,0.05610408921933086,14.770676579925652,14.172913011152417,4781,2370.244722222222,3784,1295.6988888888889,0,3667,1432.4197222222222,3635,1195.1191666666666,1971463.6666666667
2026-08-06 15:48:46,Off,On,On,Off,Off,Off,Off,Off,On,On,Off,On,Off,On,0,0,0.0007,0.2800104089219331,0.05610408921933086,8.063687732342009,1.9876148698884761,14.512597769516729,14.30705278810409,4781,2370.244722222222,3784,1295.6988888888889,0,3667,1432.671388888889,3635,1195.3708333333334,1970935.1666666667
2026-08-06 16:03:52,Off,On,On,Off,Off,Off,Off,Off,On,On,Off,On,Off,On,0,0,0.0007,0.14944089219330858,0.03009219330855019,8.160594795539035,1.9916951672862453,14.748234944237922,14.561051301115244,4781,2370.244722222222,3784,1295.6988888888889,0,3667,1432.9233333333332,3635,1195.6227777777779,1970406.0833333335
2026-08-06 16:18:59,Off,On,On,Off,Off,Off,Off,Off,On,On,Off,On,Off,On,0,0,0.0007,0.08568624535315986,0.022441635687732345,0.007650557620817845,0.05253382899628253,14.838001486988848,14.168832713754647,4781,2370.244722222222,3784,1295.6988888888889,0,3667,1433.175,3635,1195.8744444444444,1969432.5
