datelogged,High Level Float Alarm,Motor Fault,Pump 1 Run,Pump 2 Run,Input 5,Input 6,Pump 1 Motor Amps,Pump 2 Motor Amps,Pump 1 Motor Starts ,Pump 1 Motor Run Time,Pump 2 Motor Starts,Pump 2 Motor Run Time,External Power,Battery,Flow Rate Pump1 (1 hr),Flow Rate Pump2 (1 hr)
2026-08-06 00:23:47,0,0,0,Off,0,0,0.051003717472118966,0.012750929368029741,7920,269.31666666666666,7910,286.78333333333336,0,4.13,0,0
2026-08-06 01:24:09,0,0,0,Off,0,0,0.051003717472118966,0.012750929368029741,7920,269.31666666666666,7910,286.78333333333336,0,4.13,0,0
2026-08-06 02:25:09,0,0,0,Off,0,0,0.051003717472118966,0.012750929368029741,7920,269.31666666666666,7911,286.81666666666666,0,4.13,0,0
2026-08-06 03:25:59,0,0,0,Off,0,0,0.051003717472118966,0,7921,269.35,7911,286.81666666666666,0,4.13,0,0
2026-08-06 04:26:37,0,0,0,Off,0,0,0.10200743494423793,0.012750929368029741,7921,269.35,7912,286.85,0,4.13,0,0
2026-08-06 05:27:35,0,0,0,Off,0,0,0.10200743494423793,0.012750929368029741,7922,269.3833333333333,7912,286.85,0,4.13,0,0
2026-08-06 06:28:30,0,0,0,Off,0,0,0.051003717472118966,0,7923,269.4,7913,286.8833333333333,0,4.13,0,0
2026-08-06 07:29:23,0,0,0,Off,0,0,0.051003717472118966,0,7923,269.4,7914,286.9166666666667,0,4.13,0,0
2026-08-06 08:30:18,0,0,0,Off,0,0,0.10200743494423793,0.012750929368029741,7924,269.43333333333334,7914,286.9166666666667,0,4.13,0,0
2026-08-06 09:31:12,0,0,0,Off,0,0,0.10200743494423793,0.012750929368029741,7924,269.43333333333334,7915,286.95,0,4.13,0,0
2026-08-06 10:32:07,0,0,0,Off,0,0,0.051003717472118966,0.012750929368029741,7925,269.46666666666664,7916,286.98333333333335,0,4.13,0,0
2026-08-06 11:33:02,0,0,0,Off,0,0,0.10200743494423793,0.012750929368029741,7926,269.48333333333335,7916,286.98333333333335,0,4.13,0,0
2026-08-06 12:33:48,0,0,0,Off,0,0,0.10200743494423793,0.012750929368029741,7926,269.48333333333335,7917,287.01666666666665,0,4.13,0,0
2026-08-06 13:34:43,0,0,0,Off,0,0,0.051003717472118966,0,7927,269.53333333333336,7917,287.01666666666665,0,4.13,0,0
2026-08-06 14:35:36,0,0,0,Off,0,0,0.051003717472118966,0.012750929368029741,7927,269.53333333333336,7918,287.05,0,4.13,0,0
2026-08-06 15:36:29,0,0,0,Off,0,0,0.051003717472118966,0.012750929368029741,7928,269.56666666666666,7918,287.05,0,4.13,0,0
2026-08-06 16:37:26,0,0,0,Off,0,0,0.051003717472118966,0.012750929368029741,7928,269.56666666666666,7918,287.05,0,4.13,0,0
