datelogged,High Level Float [System 1],Blower 1 [System 1],Blower 2 [System 1],Pressure Alarm 1 [System 1],Pressure Alarm 2 [System 1],Motor Run 1 [System 1],Motor Run 2 [System 1],Motor 1 Starts [System 1],Motor 1 Run Time [System 1],Motor 2 Starts [System 1],Motor 2 Run Time [System 1],Total Flow previous 1Hr [System 1],CT 1,CT 2,CT 3,AIN1,High Water Alarm,DIN16
2026-08-06 00:04:34,Off,On,Off,On,Off,Off,Off,330,51.04277777777778,410,46.45611111111111,0,0.007650557620817845,0.0035702602230483277,0.04488327137546469,0.0015,0,0
2026-08-06 00:19:39,Off,On,Off,On,Off,Off,Off,330,51.04277777777778,410,46.45611111111111,0,0.007650557620817845,0.0035702602230483277,0.05253382899628253,0.0007,0,0
2026-08-06 00:34:44,Off,On,Off,On,Off,Off,Off,330,51.04277777777778,410,46.45611111111111,0,0.007650557620817845,0.007650557620817845,0.05253382899628253,0.0015,0,0
2026-08-06 00:49:48,Off,On,Off,On,Off,Off,Off,330,51.04277777777778,410,46.45611111111111,0,0.007650557620817845,0.007650557620817845,0.05253382899628253,0.0015,0,0
2026-08-06 01:04:53,Off,On,Off,On,Off,Off,Off,330,51.04277777777778,410,46.45611111111111,0,0.007650557620817845,0.0035702602230483277,0.04845353159851302,0.0015,0,0
2026-08-06 01:19:57,Off,On,Off,On,Off,Off,Off,330,51.04277777777778,410,46.45611111111111,0,0.007650557620817845,0.0035702602230483277,0.04488327137546469,0.0015,0,0
2026-08-06 01:35:02,Off,On,Off,On,Off,Off,Off,330,51.04277777777778,410,46.45611111111111,0,0.007650557620817845,0.007650557620817845,0.04845353159851302,0.0015,0,0
2026-08-06 01:50:07,Off,On,Off,On,Off,Off,Off,330,51.04277777777778,410,46.45611111111111,0,0.007650557620817845,0.007650557620817845,0.04845353159851302,0.0015,0,0
2026-08-06 02:05:12,Off,On,Off,On,Off,Off,Off,330,51.04277777777778,410,46.45611111111111,0,0.007650557620817845,0.0035702602230483277,0.04845353159851302,0.0015,0,0
2026-08-06 02:20:16,Off,On,Off,On,Off,Off,Off,330,51.04277777777778,410,46.45611111111111,0,0.007650557620817845,0.007650557620817845,0.04488327137546469,0.0007,0,0
2026-08-06 02:35:21,Off,On,Off,On,Off,Off,Off,330,51.04277777777778,410,46.45611111111111,0,0.007650557620817845,0.0035702602230483277,0.04488327137546469,0.0007,0,0
2026-08-06 02:50:25,Off,On,Off,On,Off,Off,Off,330,51.04277777777778,410,46.45611111111111,0,0.007650557620817845,0.0035702602230483277,0.04845353159851302,0.0007,0,0
2026-08-06 03:05:29,Off,On,Off,On,Off,Off,Off,330,51.04277777777778,410,46.45611111111111,0,0.007650557620817845,0.0035702602230483277,0.04488327137546469,0.0015,0,0
2026-08-06 03:20:34,Off,On,Off,On,Off,Off,Off,330,51.04277777777778,410,46.45611111111111,0,0.007650557620817845,0.007650557620817845,0.04845353159851302,0.0007,0,0
2026-08-06 03:35:39,Off,On,Off,On,Off,Off,Off,330,51.04277777777778,410,46.45611111111111,0,0.007650557620817845,0.007650557620817845,0.04488327137546469,0.0007,0,0
2026-08-06 03:50:43,Off,On,Off,On,Off,Off,Off,330,51.04277777777778,410,46.45611111111111,0,0.007650557620817845,0.007650557620817845,0.04845353159851302,0.0015,0,0
2026-08-06 04:05:48,Off,On,Off,On,Off,Off,Off,330,51.04277777777778,410,46.45611111111111,0,0.007650557620817845,0.007650557620817845,0.04845353159851302,0.0015,0,0
2026-08-06 04:20:53,Off,On,Off,On,Off,Off,Off,330,51.04277777777778,410,46.45611111111111,0,0.007650557620817845,0.0035702602230483277,0.04845353159851302,0.0007,0,0
2026-08-06 04:35:57,Off,On,Off,On,Off,Off,Off,330,51.04277777777778,410,46.45611111111111,0,0.007650557620817845,0.0035702602230483277,0.07089516728624536,0.0007,0,0
2026-08-06 04:51:02,Off,On,Off,On,Off,Off,Off,330,51.04277777777778,410,46.45611111111111,0,0.007650557620817845,0.007650557620817845,0.04845353159851302,0.0015,0,0
2026-08-06 05:06:07,Off,On,Off,On,Off,Off,Off,330,51.04277777777778,410,46.45611111111111,0,0.007650557620817845,0.007650557620817845,0.04488327137546469,0.0007,0,0
2026-08-06 05:21:11,Off,On,Off,On,Off,Off,Off,330,51.04277777777778,410,46.45611111111111,0,0.007650557620817845,0.0035702602230483277,0.04845353159851302,0.0007,0,0
2026-08-06 05:36:16,Off,On,Off,On,Off,Off,Off,330,51.04277777777778,410,46.45611111111111,0,0.011220817843866172,0.007650557620817845,0.04488327137546469,0.0015,0,0
2026-08-06 05:51:21,Off,On,Off,On,Off,Off,Off,330,51.04277777777778,410,46.45611111111111,0,0.007650557620817845,0.0035702602230483277,0.04488327137546469,0.0007,0,0
2026-08-06 06:06:25,Off,On,Off,On,Off,Off,Off,330,51.04277777777778,410,46.45611111111111,0,0.011220817843866172,0.0035702602230483277,0.04488327137546469,0.0007,0,0
2026-08-06 06:08:08,Off,On,Off,On,Off,On,Off,331,51.04277777777778,410,46.45611111111111,0,0.03009219330855019,0.0147910780669145,0.04845353159851302,0.0015,0,0
2026-08-06 06:20:49,Off,On,Off,On,Off,Off,Off,331,51.254444444444445,410,46.45611111111111,444.5,0.007650557620817845,0.007650557620817845,0.04488327137546469,0.0007,0,0
2026-08-06 06:35:54,Off,On,Off,On,Off,Off,Off,331,51.254444444444445,410,46.45611111111111,444.5,0.007650557620817845,0.0035702602230483277,0.04488327137546469,0.0015,0,0
2026-08-06 06:50:58,Off,On,Off,On,Off,Off,Off,331,51.254444444444445,410,46.45611111111111,444.5,0.007650557620817845,0.007650557620817845,0.04488327137546469,0.0007,0,0
2026-08-06 07:06:03,Off,On,Off,On,Off,Off,Off,331,51.254444444444445,410,46.45611111111111,444.5,0.007650557620817845,0.0035702602230483277,0.04488327137546469,0.0007,0,0
2026-08-06 07:20:51,Off,On,Off,On,Off,Off,On,331,51.254444444444445,411,46.45611111111111,0,0.007650557620817845,6.639663940520447,0.04488327137546469,0.0007,0,0
2026-08-06 07:24:56,Off,On,Off,On,Off,Off,Off,331,51.254444444444445,411,46.52444444444445,143.5,0.007650557620817845,0.011220817843866172,0.11220817843866172,0.0015,0,0
2026-08-06 07:40:01,Off,On,Off,On,Off,Off,Off,331,51.254444444444445,411,46.52444444444445,143.5,0.007650557620817845,0.007650557620817845,0.04845353159851302,0.0007,0,0
2026-08-06 07:55:05,Off,On,Off,On,Off,Off,Off,331,51.254444444444445,411,46.52444444444445,143.5,0.007650557620817845,0.0035702602230483277,0.05253382899628253,0.0007,0,0
2026-08-06 08:10:10,Off,On,Off,On,Off,Off,Off,331,51.254444444444445,411,46.52444444444445,143.5,0.007650557620817845,0.007650557620817845,0.04488327137546469,0.0007,0,0
2026-08-06 08:25:15,Off,On,Off,On,Off,Off,Off,331,51.254444444444445,411,46.52444444444445,0,0.007650557620817845,0.007650557620817845,0.04845353159851302,0.0007,0,0
2026-08-06 08:40:19,Off,On,Off,On,Off,Off,Off,331,51.254444444444445,411,46.52444444444445,0,0.007650557620817845,0.0035702602230483277,0.04845353159851302,0.0007,0,0
2026-08-06 08:55:24,Off,On,Off,On,Off,Off,Off,331,51.254444444444445,411,46.52444444444445,0,0.007650557620817845,0.007650557620817845,0.04488327137546469,0.0007,0,0
2026-08-06 09:10:29,Off,On,Off,On,Off,Off,Off,331,51.254444444444445,411,46.52444444444445,0,0.007650557620817845,0.007650557620817845,0.04845353159851302,0.0007,0,0
2026-08-06 09:25:33,Off,On,Off,On,Off,Off,Off,331,51.254444444444445,411,46.52444444444445,0,0.007650557620817845,0.007650557620817845,0.04131301115241636,0.0007,0,0
2026-08-06 09:40:38,Off,On,Off,On,Off,Off,Off,331,51.254444444444445,411,46.52444444444445,0,0.007650557620817845,0.0035702602230483277,0.04131301115241636,0.0007,0,0
2026-08-06 09:55:43,Off,On,Off,On,Off,Off,Off,331,51.254444444444445,411,46.52444444444445,0,0.007650557620817845,0.0035702602230483277,0.04845353159851302,0.0007,0,0
2026-08-06 10:10:48,Off,On,Off,On,Off,Off,Off,331,51.254444444444445,411,46.52444444444445,0,0.007650557620817845,0.0035702602230483277,0.04488327137546469,0.0007,0,0
2026-08-06 10:25:52,Off,On,Off,On,Off,Off,Off,331,51.254444444444445,411,46.52444444444445,0,0.011220817843866172,0.0035702602230483277,0.04488327137546469,0.0007,0,0
2026-08-06 10:40:57,Off,On,Off,On,Off,Off,Off,331,51.254444444444445,411,46.52444444444445,0,0.007650557620817845,0.0035702602230483277,0.04845353159851302,0.0007,0,0
2026-08-06 10:56:02,Off,On,Off,On,Off,Off,Off,331,51.254444444444445,411,46.52444444444445,0,0.007650557620817845,0.007650557620817845,0.04488327137546469,0.0015,0,0
2026-08-06 11:11:06,Off,On,Off,On,Off,Off,Off,331,51.254444444444445,411,46.52444444444445,0,0.007650557620817845,0.007650557620817845,0.04845353159851302,0.0015,0,0
2026-08-06 11:26:11,Off,On,Off,On,Off,Off,Off,331,51.254444444444445,411,46.52444444444445,0,0.007650557620817845,0.0035702602230483277,0.04488327137546469,0.0007,0,0
2026-08-06 11:41:16,Off,On,Off,On,Off,Off,Off,331,51.254444444444445,411,46.52444444444445,0,0.007650557620817845,0.0035702602230483277,0.04488327137546469,0.0015,0,0
2026-08-06 11:56:20,Off,On,Off,On,Off,Off,Off,331,51.254444444444445,411,46.52444444444445,0,0.007650557620817845,0.0035702602230483277,0.04488327137546469,0.0015,0,0
2026-08-06 12:11:25,Off,On,Off,On,Off,Off,Off,331,51.254444444444445,411,46.52444444444445,0,0.011220817843866172,0.0035702602230483277,0.04845353159851302,0.0007,0,0
2026-08-06 12:26:30,Off,On,Off,On,Off,Off,Off,331,51.254444444444445,411,46.52444444444445,0,0.011220817843866172,0.007650557620817845,0.04845353159851302,0.0015,0,0
2026-08-06 12:41:35,Off,On,Off,On,Off,Off,Off,331,51.254444444444445,411,46.52444444444445,0,0.011220817843866172,0.007650557620817845,0.04488327137546469,0.0007,0,0
2026-08-06 12:56:39,Off,On,Off,On,Off,Off,Off,331,51.254444444444445,411,46.52444444444445,0,0.011220817843866172,0.007650557620817845,0.04845353159851302,0.0007,0,0
2026-08-06 13:11:44,Off,On,Off,On,Off,Off,Off,331,51.254444444444445,411,46.52444444444445,0,0.007650557620817845,0.007650557620817845,0.04845353159851302,0.0007,0,0
2026-08-06 13:26:48,Off,On,Off,On,Off,Off,Off,331,51.254444444444445,411,46.52444444444445,0,0.007650557620817845,0.007650557620817845,0.04845353159851302,0.0007,0,0
2026-08-06 13:41:53,Off,On,Off,On,Off,Off,Off,331,51.254444444444445,411,46.52444444444445,0,0.007650557620817845,0.007650557620817845,0.04488327137546469,0.0007,0,0
2026-08-06 13:56:58,Off,On,Off,On,Off,Off,Off,331,51.254444444444445,411,46.52444444444445,0,0.007650557620817845,0.007650557620817845,0.04488327137546469,0.0007,0,0
2026-08-06 14:12:03,Off,On,Off,On,Off,Off,Off,331,51.254444444444445,411,46.52444444444445,0,0.007650557620817845,0.0035702602230483277,0.05610408921933086,0.0015,0,0
2026-08-06 14:27:07,Off,On,Off,On,Off,Off,Off,331,51.254444444444445,411,46.52444444444445,0,0.007650557620817845,0.007650557620817845,0.04845353159851302,0.0015,0,0
2026-08-06 14:42:12,Off,On,Off,On,Off,Off,Off,331,51.254444444444445,411,46.52444444444445,0,0.007650557620817845,0.0035702602230483277,0.05610408921933086,0.0007,0,0
2026-08-06 14:57:17,Off,On,Off,On,Off,Off,Off,331,51.254444444444445,411,46.52444444444445,0,0.007650557620817845,0.007650557620817845,0.04845353159851302,0.0007,0,0
2026-08-06 15:12:16,Off,On,Off,On,Off,On,Off,332,51.254444444444445,411,46.52444444444445,0,0.007650557620817845,0.0147910780669145,0.04488327137546469,0.0015,0,0
2026-08-06 15:24:53,Off,On,Off,On,Off,Off,Off,332,51.464444444444446,411,46.52444444444445,441,0.007650557620817845,0.007650557620817845,0.04488327137546469,0.0007,0,0
2026-08-06 15:39:57,Off,On,Off,On,Off,Off,Off,332,51.464444444444446,411,46.52444444444445,441,0.007650557620817845,0.007650557620817845,0.04488327137546469,0.0015,0,0
2026-08-06 15:55:02,Off,On,Off,On,Off,Off,Off,332,51.464444444444446,411,46.52444444444445,441,0.007650557620817845,0.007650557620817845,0.04488327137546469,0.0015,0,0
2026-08-06 16:10:07,Off,On,Off,On,Off,Off,Off,332,51.464444444444446,411,46.52444444444445,441,0.007650557620817845,0.007650557620817845,0.04488327137546469,0.0015,0,0
2026-08-06 16:24:54,Off,On,Off,On,Off,Off,On,332,51.464444444444446,412,46.52444444444445,0,0.007650557620817845,6.48665278810409,0.04488327137546469,0.0007,0,0
2026-08-06 16:30:54,Off,On,Off,On,Off,Off,Off,332,51.464444444444446,412,46.62444444444444,210,0.007650557620817845,0.022441635687732345,0.11220817843866172,0.0015,0,0
