datelogged,Product Id,Hardware Rev.,Software Id,Software Rev,Seconds on since reset,S1 Float Status,S1 Float Out of Sequence,S1 High float on,S1 Pump1 Motor and Run Fault,S1 Pump2 Motor and Run Fault,S1 HOA1 Switch Position,S1 HOA2 Switch Position,S1 Pump1 seconds on last hour,S1 Pump1 starts last hour,S1 Pump2 seconds on last hour,S1 Pump2 starts last hour,S1 Pump1 starts since reset,S1 Pump1 run time since reset,S1 Pump2 starts since reset,S1 Pump2 run time since reset,S2 Float status,S2 Float out of sequence,S2 High float on,S2 Pump1 motor and run fault,S2 Pump2 motor and run fault,S2 HOA1 switch position,S2 HOA2 switch position,S2 Pump1 seconds on last hour,S2 Pump1 starts last hour,S2 Pump2 seconds on last hour,S2 Pump2 starts last hour,S2 Pump1 starts since reset,S2 Pump1 run time since reset,S2 Pump2 starts since reset,S2 Pump2 run time since reset,CT1 - True RMS,CT2 - True RMS,Power Source,Battery Voltage,Input Voltage,Output Voltage,Battery Current,Input Current,Die Temperature
2026-08-06 00:03:31,FFFF,FFFF,0009,0001,4440142,0001,0,0000,0000,0000,1,1,0,19,0,16,19,62240,17,62520,0011,0,0000,0000,0000,1,1,3600,6020,0,18,20,2246497,19,924900,0.010088752955198288,0.01010593120008707,0,4.148528575897217,14.783285140991211,14.87038803100586,-0.00003371799903106876,0.02844039909541607,47.37151336669922
2026-08-06 00:13:38,FFFF,FFFF,0009,0001,4440749,0001,0,0000,0000,0000,1,1,0,19,0,16,19,62240,17,62520,0011,0,0000,0000,0000,1,1,3600,6020,0,18,20,2247104,19,924900,0.010107005946338177,0.010109986178576946,0,4.148143768310547,14.971270561218262,14.658803939819336,-0.00002785399919957854,0.026241399347782135,47.13500213623047
2026-08-06 00:23:47,FFFF,FFFF,0009,0001,4441358,0001,0,0000,0000,0000,1,1,0,19,0,16,19,62240,17,62520,0011,0,0000,0000,0000,1,1,3600,6020,0,18,20,2247713,19,924900,0.010102685540914536,0.010109649039804935,0,4.148143768310547,14.961377143859863,15.010892868041992,-0.00003371799903106876,0.02389580011367798,46.85552215576172
2026-08-06 00:33:55,FFFF,FFFF,0009,0001,4441967,0001,0,0000,0000,0000,1,1,0,19,0,16,19,62240,17,62520,0011,0,0000,0000,0000,1,1,3600,6020,0,18,20,2248321,19,924900,0.010104482993483543,0.01010412722826004,0,4.148143768310547,14.509551048278809,14.716659545898438,-0.000029319999157451093,0.029319999739527702,46.576011657714844
2026-08-06 00:44:05,FFFF,FFFF,0009,0001,4442576,0001,0,0000,0000,0000,1,1,0,19,0,16,19,62240,17,62520,0011,0,0000,0000,0000,1,1,3600,6020,0,18,20,2248931,19,924900,0.01010364480316639,0.010109905153512955,0,4.148143768310547,13.628984451293945,13.668657302856445,-0.00002198999936808832,0.04075479879975319,46.253501892089844
2026-08-06 00:54:15,FFFF,FFFF,0009,0001,4443186,0001,0,0000,0000,0000,1,1,0,19,0,16,19,62240,17,62520,0011,0,0000,0000,0000,1,1,3600,6020,0,18,20,2249541,19,924900,0.010088306851685047,0.01011218223720789,0,4.148143768310547,13.653719902038574,13.693451881408691,-0.000036649998946813866,0.04134120047092438,45.93102264404297
2026-08-06 01:04:32,FFFF,FFFF,0009,0001,4443804,0001,0,0000,0000,0000,1,1,0,19,0,16,19,62240,17,62520,0011,0,0000,0000,0000,1,1,3600,6020,0,18,20,2250159,19,924900,0.01009331364184618,0.010112615302205086,0,4.147758960723877,13.937347412109375,14.0025634765625,-0.00003811599890468642,0.029466599225997925,45.60851287841797
2026-08-06 01:14:42,FFFF,FFFF,0009,0001,4444414,0001,0,0000,0000,0000,1,1,0,19,0,16,19,62240,17,62520,0011,0,0000,0000,0000,1,1,3600,6020,0,18,20,2250769,19,924900,0.010084321722388268,0.010103888809680939,0,4.147758960723877,13.627335548400879,13.667004585266113,-0.00001905799945234321,0.04397999867796898,45.243003845214844
2026-08-06 01:24:53,FFFF,FFFF,0009,0001,4445025,0001,0,0000,0000,0000,1,1,0,19,0,16,19,62240,17,62520,0011,0,0000,0000,0000,1,1,3600,6020,0,18,20,2251380,19,924900,0.010103917680680752,0.010108471848070621,0,4.147758960723877,13.635581016540527,13.632290840148926,-0.000026387999241705984,0.054095398634672165,44.87749481201172
2026-08-06 01:35:04,FFFF,FFFF,0009,0001,4445636,0001,0,0000,0000,0000,1,1,0,19,0,16,19,62240,17,62520,0011,0,0000,0000,0000,1,1,3600,6020,0,18,20,2251991,19,924900,0.01010585855692625,0.010103768669068813,0,4.147566795349121,14.799775123596191,14.387712478637695,-0.00001905799945234321,0.030639398843050003,44.555015563964844
2026-08-06 01:45:16,FFFF,FFFF,0009,0001,4446248,0001,0,0000,0000,0000,1,1,0,19,0,16,19,62240,17,62520,0011,0,0000,0000,0000,1,1,3600,6020,0,18,20,2252603,19,924900,0.010100513696670532,0.01011039037257433,0,4.147951602935791,14.646417617797852,14.804267883300781,-0.000039581998862558976,0.029613198712468147,44.25402069091797
2026-08-06 01:55:28,FFFF,FFFF,0009,0001,4446860,0001,0,0000,0000,0000,1,1,0,19,0,16,19,62240,17,62520,0011,0,0000,0000,0000,1,1,3600,6020,0,18,20,2253215,19,924900,0.01009400188922882,0.010105486027896404,0,4.147566795349121,13.591057777404785,13.605843544006348,-0.000026387999241705984,0.052775997668504715,43.93151092529297
2026-08-06 02:05:42,FFFF,FFFF,0009,0001,4447472,0001,0,0000,0000,0000,1,1,0,19,0,16,19,62240,17,62520,0011,0,0000,0000,0000,1,1,3600,6020,0,18,20,2253827,19,924900,0.010100170969963074,0.01010697241872549,0,4.147566795349121,14.222624778747559,14.42573070526123,-0.0000322519990731962,0.031225798651576042,43.67351531982422
2026-08-06 02:15:54,FFFF,FFFF,0009,0001,4448084,0001,0,0000,0000,0000,1,1,0,19,0,16,19,62240,17,62520,0011,0,0000,0000,0000,1,1,3600,6020,0,18,20,2254439,19,924900,0.010116459801793098,0.010109479539096355,0,4.147566795349121,14.298479080200195,14.435648918151855,-0.0000161259995365981,0.027560798451304436,43.43700408935547
2026-08-06 02:26:09,FFFF,FFFF,0009,0001,4448701,0001,0,0000,0000,0000,1,1,0,19,0,16,19,62240,17,62520,0011,0,0000,0000,0000,1,1,3600,6020,0,18,20,2255056,19,924900,0.010081333108246326,0.01011183112859726,0,4.147566795349121,13.75101089477539,13.795938491821289,-0.000039581998862558976,0.03181219846010208,43.17900848388672
2026-08-06 02:36:39,FFFF,FFFF,0009,0001,4449330,0001,0,0000,0000,0000,1,1,0,19,0,16,19,62240,17,62520,0011,0,0000,0000,0000,1,1,3600,6020,0,18,20,2255685,19,924900,0.010103284381330013,0.010105248540639877,0,4.147566795349121,14.486464500427246,13.939748764038086,-0.00001905799945234321,0.02917339839041233,42.964012145996094
2026-08-06 02:47:01,FFFF,FFFF,0009,0001,4449952,0001,0,0000,0000,0000,1,1,0,19,0,16,19,62240,17,62520,0011,0,0000,0000,0000,1,1,3600,6020,0,18,20,2256307,19,924900,0.010091212578117847,0.010108176618814468,0,4.147566795349121,14.88387393951416,14.412507057189941,-0.00003078599911532365,0.02712099999189377,42.66301727294922
2026-08-06 02:57:13,FFFF,FFFF,0009,0001,4450564,0001,0,0000,0000,0000,1,1,0,19,0,16,19,62240,17,62520,0011,0,0000,0000,0000,1,1,3600,6020,0,18,20,2256919,19,924900,0.01009107194840908,0.010112284682691097,0,4.147566795349121,13.770798683166504,13.819080352783203,-0.00002785399919957854,0.031225798651576042,42.40502166748047
2026-08-06 03:07:23,FFFF,FFFF,0009,0001,4451174,0001,0,0000,0000,0000,1,1,0,19,0,16,19,62240,17,62520,0011,0,0000,0000,0000,1,1,3600,6020,0,18,20,2257529,19,924900,0.010086198337376118,0.010102281346917152,0,4.147758960723877,13.577865600585938,13.615760803222656,-0.0000161259995365981,0.054681796580553055,42.211509704589844
2026-08-06 03:17:35,FFFF,FFFF,0009,0001,4451787,0001,0,0000,0000,0000,1,1,0,19,0,16,19,62240,17,62520,0011,0,0000,0000,0000,1,1,3600,6020,0,18,20,2258142,19,924900,0.010085370391607285,0.010113421827554703,0,4.147181987762451,14.29353141784668,14.15133285522461,-0.00002492199928383343,0.028880199417471886,41.99651336669922
2026-08-06 03:27:49,FFFF,FFFF,0009,0001,4452401,0001,0,0000,0000,0000,1,1,0,19,0,16,19,62240,17,62520,0011,0,0000,0000,0000,1,1,3600,6020,0,18,20,2258756,19,924900,0.010104670189321041,0.010110096074640751,0,4.147181987762451,14.834403991699219,14.87038803100586,-0.00003518399898894131,0.030639398843050003,41.781517028808594
2026-08-06 03:38:06,FFFF,FFFF,0009,0001,4453018,0001,0,0000,0000,0000,1,1,0,19,0,16,19,62240,17,62520,0011,0,0000,0000,0000,1,1,3600,6020,0,18,20,2259373,19,924900,0.010101447813212872,0.010110240429639816,0,4.147566795349121,13.762554168701172,13.790979385375977,-0.000029319999157451093,0.031225798651576042,41.609519958496094
2026-08-06 03:48:22,FFFF,FFFF,0009,0001,4453633,0001,0,0000,0000,0000,1,1,0,19,0,16,19,62240,17,62520,0011,0,0000,0000,0000,1,1,3600,6020,0,18,20,2259988,19,924900,0.01008984912186861,0.010106577537953854,0,4.147374153137207,14.712377548217773,14.7827787399292,-0.000017591999494470656,0.030199598520994186,41.41600799560547
2026-08-06 03:58:33,FFFF,FFFF,0009,0001,4454245,0001,0,0000,0000,0000,1,1,0,19,0,16,19,62240,17,62520,0011,0,0000,0000,0000,1,1,3600,6020,0,18,20,2260600,19,924900,0.010097449645400047,0.010110161267220974,0,4.147374153137207,14.786582946777344,14.240594863891602,-0.000017591999494470656,0.02712099999189377,41.222496032714844
2026-08-06 04:08:51,FFFF,FFFF,0009,0001,4454862,0001,0,0000,0000,0000,1,1,0,19,0,16,19,62240,17,62520,0011,0,0000,0000,0000,1,1,3600,6020,0,18,20,2261217,19,924900,0.01009839866310358,0.010107330977916718,0,4.147374153137207,14.285286903381348,14.524910926818848,-0.00001905799945234321,0.032105397433042526,41.115013122558594
2026-08-06 04:19:07,FFFF,FFFF,0009,0001,4455479,0001,0,0000,0000,0000,1,1,0,19,0,16,19,62240,17,62520,0011,0,0000,0000,0000,1,1,3600,6020,0,18,20,2261834,19,924900,0.01009412482380867,0.010102621279656887,0,4.147566795349121,13.762554168701172,13.815773963928223,-0.00001905799945234321,0.030785998329520226,40.964500427246094
2026-08-06 04:29:23,FFFF,FFFF,0009,0001,4456095,0001,0,0000,0000,0000,1,1,0,19,0,16,19,62240,17,62520,0011,0,0000,0000,0000,1,1,3600,6020,0,18,20,2262450,19,924900,0.010110998526215553,0.010107513517141342,0,4.147566795349121,13.769149780273438,13.749653816223145,-0.0000322519990731962,0.03313159942626953,40.878501892089844
2026-08-06 04:39:40,FFFF,FFFF,0009,0001,4456712,0001,0,0000,0000,0000,1,1,0,19,0,16,19,62240,17,62520,0011,0,0000,0000,0000,1,1,3600,6020,0,18,20,2263067,19,924900,0.010092388838529587,0.01010776124894619,0,4.147181987762451,14.765146255493164,14.858817100524902,-0.00001905799945234321,0.031372398138046265,40.81401824951172
2026-08-06 04:50:11,FFFF,FFFF,0009,0001,4457342,0001,0,0000,0000,0000,1,1,0,19,0,16,19,62240,17,62520,0011,0,0000,0000,0000,1,1,3600,6020,0,18,20,2263697,19,924900,0.010099885985255241,0.010101113468408585,0,4.147181987762451,13.703189849853516,13.787672996520996,-0.000017591999494470656,0.03767620027065277,40.792503356933594
2026-08-06 05:00:27,FFFF,FFFF,0009,0001,4457959,0001,0,0000,0000,0000,1,1,0,19,0,16,19,62240,17,62520,0011,0,0000,0000,0000,1,1,3600,6020,0,18,20,2264314,19,924900,0.010094812139868736,0.010106367990374565,0,4.147566795349121,14.887171745300293,14.951385498046875,-0.0000161259995365981,0.028000598773360252,40.792503356933594
2026-08-06 05:10:47,FFFF,FFFF,0009,0001,4458579,0001,0,0000,0000,0000,1,1,0,19,0,16,19,62240,17,62520,0011,0,0000,0000,0000,1,1,3600,6020,0,18,20,2264934,19,924900,0.010087626054883003,0.01010625995695591,0,4.147181987762451,13.633932113647461,13.668657302856445,-0.00003811599890468642,0.04075479879975319,40.771018981933594
2026-08-06 05:21:13,FFFF,FFFF,0009,0001,4459205,0001,0,0000,0000,0000,1,1,0,19,0,16,19,62240,17,62520,0011,0,0000,0000,0000,1,1,3600,6020,0,18,20,2265560,19,924900,0.010088460519909859,0.010108095593750477,0,4.147374153137207,13.764203071594238,13.804203033447266,-0.000036649998946813866,0.03298499807715416,40.72801971435547
2026-08-06 05:31:45,FFFF,FFFF,0009,0001,4459837,0001,0,0000,0000,0000,1,1,0,19,0,16,19,62240,17,62520,0011,0,0000,0000,0000,1,1,3600,6020,0,18,20,2266192,19,924900,0.010089409537613392,0.010104313492774963,0,4.147374153137207,13.780693054199219,13.804203033447266,-0.000029319999157451093,0.03313159942626953,40.74950408935547
2026-08-06 05:42:10,FFFF,FFFF,0009,0001,4460462,0001,0,0000,0000,0000,1,1,0,19,0,16,19,62240,17,62520,0011,0,0000,0000,0000,1,1,3600,6020,0,18,20,2266817,19,924900,0.01010462362319231,0.010100637562572956,0,4.147374153137207,13.767500877380371,13.817426681518555,-0.00002785399919957854,0.03107919916510582,40.706504821777344
2026-08-06 05:52:33,FFFF,FFFF,0009,0001,4461085,0001,0,0000,0000,0000,1,1,0,19,0,16,19,62240,17,62520,0011,0,0000,0000,0000,1,1,3600,6020,0,18,20,2267440,19,924900,0.010109463706612587,0.010108494199812412,0,4.147181987762451,14.098949432373047,14.389365196228027,-0.000029319999157451093,0.03049279935657978,40.64202117919922
2026-08-06 06:02:55,FFFF,FFFF,0009,0001,4461706,0001,0,0000,0000,0000,1,1,0,19,0,16,19,62240,17,62520,0011,0,0000,0000,0000,1,1,3600,6020,0,18,20,2268061,19,924900,0.010096830315887928,0.010106061585247517,0,4.147374153137207,13.727925300598145,13.721552848815918,-0.0000161259995365981,0.03254519775509834,40.57750701904297
2026-08-06 06:13:09,FFFF,FFFF,0009,0001,4462321,0001,0,0000,0000,0000,1,1,0,19,0,16,19,62240,17,62520,0011,0,0000,0000,0000,1,1,3600,6020,0,18,20,2268676,19,924900,0.010102701373398304,0.010100134648382664,0,4.146989345550537,13.764203071594238,13.805855751037598,-0.00003811599890468642,0.03195879980921745,40.469993591308594
2026-08-06 06:23:40,FFFF,FFFF,0009,0001,4462950,0001,0,0000,0000,0000,1,1,0,19,0,16,19,62240,17,62520,0011,0,0000,0000,0000,1,1,3600,6020,0,18,20,2269305,19,924900,0.010103604756295681,0.01010090857744217,0,4.147181987762451,14.908608436584473,15.014199256896973,-0.00002198999936808832,0.02712099999189377,40.40550994873047
2026-08-06 06:33:51,FFFF,FFFF,0009,0001,4463563,0001,0,0000,0000,0000,1,1,0,19,0,16,19,62240,17,62520,0011,0,0000,0000,0000,1,1,3600,6020,0,18,20,2269918,19,924900,0.010098185390233994,0.010108916088938713,0,4.146989345550537,14.913556098937988,14.579460144042969,-0.00002198999936808832,0.027560798451304436,40.276512145996094
2026-08-06 06:44:05,FFFF,FFFF,0009,0001,4464176,0001,0,0000,0000,0000,1,1,0,19,0,16,19,62240,17,62520,0011,0,0000,0000,0000,1,1,3600,6020,0,18,20,2270531,19,924900,0.010097306221723557,0.010109888389706612,0,4.147181987762451,14.908608436584473,14.95799732208252,-0.0000161259995365981,0.027707399800419807,40.16899871826172
2026-08-06 06:54:15,FFFF,FFFF,0009,0001,4464787,0001,0,0000,0000,0000,1,1,0,19,0,16,19,62240,17,62520,0011,0,0000,0000,0000,1,1,3600,6020,0,18,20,2271142,19,924900,0.010110163129866123,0.010104899294674397,0,4.147181987762451,13.594355583190918,13.633944511413574,-0.00002198999936808832,0.052775997668504715,40.040000915527344
2026-08-06 07:04:31,FFFF,FFFF,0009,0001,4465403,0001,0,0000,0000,0000,1,1,0,19,0,16,19,62240,17,62520,0011,0,0000,0000,0000,1,1,3600,6020,0,18,20,2271758,19,924900,0.010099820792675018,0.010103465057909489,0,4.147181987762451,13.627335548400879,13.640556335449219,-0.0000322519990731962,0.044419799000024796,39.97551727294922
2026-08-06 07:14:45,FFFF,FFFF,0009,0001,4466016,0001,0,0000,0000,0000,1,1,0,19,0,16,19,62240,17,62520,0011,0,0000,0000,0000,1,1,3600,6020,0,18,20,2272371,19,924900,0.010095630772411823,0.010112503543496132,0,4.147181987762451,13.770798683166504,13.698410987854004,-0.000020523999410215765,0.031372398138046265,39.88951873779297
2026-08-06 07:25:09,FFFF,FFFF,0009,0001,4466641,0001,0,0000,0000,0000,1,1,0,19,0,16,19,62240,17,62520,0011,0,0000,0000,0000,1,1,3600,6020,0,18,20,2272996,19,924900,0.010088177397847176,0.010105923749506474,0,4.146989345550537,13.577865600585938,13.619067192077637,-0.0000322519990731962,0.0523361973464489,39.868003845214844
2026-08-06 07:35:44,FFFF,FFFF,0009,0001,4467276,0001,0,0000,0000,0000,1,1,0,19,0,16,19,62240,17,62520,0011,0,0000,0000,0000,1,1,3600,6020,0,18,20,2273631,19,924900,0.010104942135512829,0.010105726309120655,0,4.146797180175781,13.792236328125,13.842222213745117,-0.00002492199928383343,0.02975980006158352,39.954002380371094
2026-08-06 07:46:08,FFFF,FFFF,0009,0001,4467899,0001,0,0000,0000,0000,1,1,0,19,0,16,19,62240,17,62520,0011,0,0000,0000,0000,1,1,3600,6020,0,18,20,2274254,19,924900,0.010101789608597755,0.010104887187480927,0,4.147374153137207,13.762554168701172,13.812468528747559,-0.000017591999494470656,0.02990639954805374,39.954002380371094
2026-08-06 07:56:29,FFFF,FFFF,0009,0001,4468521,0001,0,0000,0000,0000,1,1,0,19,0,16,19,62240,17,62520,0011,0,0000,0000,0000,1,1,3600,6020,0,18,20,2274876,19,924900,0.010101444087922573,0.010103917680680752,0,4.147181987762451,14.897066116333008,14.845593452453613,-0.00002492199928383343,0.029613198712468147,39.97551727294922
2026-08-06 08:07:00,FFFF,FFFF,0009,0001,4469152,0001,0,0000,0000,0000,1,1,0,19,0,16,19,62240,17,62520,0011,0,0000,0000,0000,1,1,3600,6020,0,18,20,2275507,19,924900,0.010102556087076664,0.010105081833899021,0,4.146989345550537,13.625686645507812,13.64220905303955,-0.000026387999241705984,0.041780997067689896,40.018516540527344
2026-08-06 08:17:20,FFFF,FFFF,0009,0001,4469771,0001,0,0000,0000,0000,1,1,0,19,0,16,19,62240,17,62520,0011,0,0000,0000,0000,1,1,3600,6020,0,18,20,2276126,19,924900,0.010098347440361977,0.010107089765369892,0,4.146989345550537,14.86738395690918,14.923284530639648,-0.0000161259995365981,0.02785399928689003,40.018516540527344
2026-08-06 08:28:09,FFFF,FFFF,0009,0001,4470421,0001,0,0000,0000,0000,1,1,0,19,0,16,19,62240,17,62520,0011,0,0000,0000,0000,1,1,3600,6020,0,18,20,2276776,19,924900,0.010097377933561802,0.010104160755872726,0,4.146989345550537,13.670209884643555,13.724859237670898,-0.000023455999325960875,0.03547719866037369,40.08300018310547
2026-08-06 08:38:26,FFFF,FFFF,0009,0001,4471038,0001,0,0000,0000,0000,1,1,0,19,0,16,19,62240,17,62520,0011,0,0000,0000,0000,1,1,3600,6020,0,18,20,2277393,19,924900,0.010089468210935593,0.010108583606779575,0,4.146989345550537,13.782341957092285,13.81412124633789,-0.000017591999494470656,0.031225798651576042,40.104515075683594
2026-08-06 08:48:40,FFFF,FFFF,0009,0001,4471651,0001,0,0000,0000,0000,1,1,0,19,0,16,19,62240,17,62520,0011,0,0000,0000,0000,1,1,3600,6020,0,18,20,2278006,19,924900,0.010095972567796707,0.010110748000442982,0,4.147181987762451,13.722977638244629,13.736430168151855,-0.00002785399919957854,0.031372398138046265,40.040000915527344
2026-08-06 08:58:57,FFFF,FFFF,0009,0001,4472268,0001,0,0000,0000,0000,1,1,0,19,0,16,19,62240,17,62520,0011,0,0000,0000,0000,1,1,3600,6020,0,18,20,2278623,19,924900,0.010099043138325214,0.010103559121489525,0,4.147181987762451,13.620739936828613,13.648820877075195,-0.00003371799903106876,0.044273197650909424,40.040000915527344
2026-08-06 09:09:22,FFFF,FFFF,0009,0001,4472893,0001,0,0000,0000,0000,1,1,0,19,0,16,19,62240,17,62520,0011,0,0000,0000,0000,1,1,3600,6020,0,18,20,2279248,19,924900,0.010092083364725113,0.010105920024216175,0,4.147374153137207,14.333107948303223,14.638968467712402,-0.0000161259995365981,0.03181219846010208,40.125999450683594
2026-08-06 09:19:30,FFFF,FFFF,0009,0001,4473502,0001,0,0000,0000,0000,1,1,0,19,0,16,19,62240,17,62520,0011,0,0000,0000,0000,1,1,3600,6020,0,18,20,2279857,19,924900,0.010108553804457188,0.010105363093316555,0,4.147181987762451,13.572918891906738,13.610801696777344,-0.000026387999241705984,0.05174979940056801,40.06151580810547
2026-08-06 09:29:49,FFFF,FFFF,0009,0001,4474121,0001,0,0000,0000,0000,1,1,0,19,0,16,19,62240,17,62520,0011,0,0000,0000,0000,1,1,3600,6020,0,18,20,2280475,19,924900,0.01010595727711916,0.010109548456966877,0,4.146989345550537,14.42215347290039,14.63070297241211,-0.00003811599890468642,0.030346199870109558,40.104515075683594
2026-08-06 09:40:12,FFFF,FFFF,0009,0001,4474744,0001,0,0000,0000,0000,1,1,0,19,0,16,19,62240,17,62520,0011,0,0000,0000,0000,1,1,3600,6020,0,18,20,2281098,19,924900,0.010096886195242405,0.010101689957082272,0,4.146989345550537,14.220975875854492,14.328204154968262,-0.000026387999241705984,0.031372398138046265,40.125999450683594
2026-08-06 09:50:40,FFFF,FFFF,0009,0001,4475373,0001,0,0000,0000,0000,1,1,0,19,0,16,19,62240,17,62520,0011,0,0000,0000,0000,1,1,3600,6020,0,18,20,2281727,19,924900,0.01009620726108551,0.01010176632553339,0,4.147181987762451,13.73946762084961,13.716593742370605,-0.00001905799945234321,0.0322519987821579,40.190513610839844
2026-08-06 10:00:55,FFFF,FFFF,0009,0001,4475986,0001,0,0000,0000,0000,1,1,0,19,0,16,19,62240,17,62520,0011,0,0000,0000,0000,1,1,3600,6020,0,18,20,2282341,19,924900,0.010090542957186699,0.010109804570674896,0,4.147181987762451,13.68010425567627,13.776102066040039,-0.00003811599890468642,0.030932599678635597,40.16899871826172
2026-08-06 10:11:10,FFFF,FFFF,0009,0001,4476602,0001,0,0000,0000,0000,1,1,0,19,0,16,19,62240,17,62520,0011,0,0000,0000,0000,1,1,3600,6020,0,18,20,2282957,19,924900,0.010113819502294064,0.010104392655193806,0,4.147181987762451,13.686699867248535,13.757919311523438,-0.00003078599911532365,0.033424798399209976,40.190513610839844
2026-08-06 10:21:24,FFFF,FFFF,0009,0001,4477216,0001,0,0000,0000,0000,1,1,0,19,0,16,19,62240,17,62520,0011,0,0000,0000,0000,1,1,3600,6020,0,18,20,2283571,19,924900,0.01009603776037693,0.010108685120940208,0,4.147181987762451,13.650422096252441,13.652127265930176,-0.000014659999578725547,0.041047997772693634,40.25499725341797
2026-08-06 10:31:38,FFFF,FFFF,0009,0001,4477831,0001,0,0000,0000,0000,1,1,0,19,0,16,19,62240,17,62520,0011,0,0000,0000,0000,1,1,3600,6020,0,18,20,2284185,19,924900,0.01009785570204258,0.010110070928931236,0,4.147181987762451,13.61744213104248,13.64220905303955,-0.00001905799945234321,0.048817798495292664,40.362510681152344
2026-08-06 10:41:51,FFFF,FFFF,0009,0001,4478442,0001,0,0000,0000,0000,1,1,0,19,0,16,19,62240,17,62520,0011,0,0000,0000,0000,1,1,3600,6020,0,18,20,2284797,19,924900,0.0101100979372859,0.010115181095898151,0,4.146989345550537,14.903661727905273,14.948079109191895,-0.0000322519990731962,0.028733599931001663,40.42699432373047
2026-08-06 10:52:03,FFFF,FFFF,0009,0001,4479055,0001,0,0000,0000,0000,1,1,0,19,0,16,19,62240,17,62520,0011,0,0000,0000,0000,1,1,3600,6020,0,18,20,2285409,19,924900,0.010104702785611153,0.010105956345796585,0,4.147181987762451,13.619091033935547,13.622373580932617,-0.0000322519990731962,0.04735179990530014,40.469993591308594
2026-08-06 11:02:16,FFFF,FFFF,0009,0001,4479668,0001,0,0000,0000,0000,1,1,0,19,0,16,19,62240,17,62520,0011,0,0000,0000,0000,1,1,3600,6020,0,18,20,2286022,19,924900,0.010124364867806435,0.01010575145483017,0,4.147181987762451,13.561375617980957,13.60749626159668,-0.000026387999241705984,0.05057699978351593,40.534507751464844
2026-08-06 11:12:33,FFFF,FFFF,0009,0001,4480285,0001,0,0000,0000,0000,1,1,0,19,0,16,19,62240,17,62520,0011,0,0000,0000,0000,1,1,3600,6020,0,18,20,2286639,19,924900,0.010101891122758389,0.010103047825396061,0,4.146989345550537,14.857489585876465,14.915019035339355,-0.00002198999936808832,0.028733599931001663,40.66350555419922
2026-08-06 11:22:50,FFFF,FFFF,0009,0001,4480903,0001,0,0000,0000,0000,1,1,0,19,0,16,19,62240,17,62520,0011,0,0000,0000,0000,1,1,3600,6020,0,18,20,2287257,19,924900,0.010097571648657322,0.010110623203217983,0,4.147181987762451,13.770798683166504,13.807509422302246,-0.00003371799903106876,0.030785998329520226,40.72801971435547
2026-08-06 11:33:05,FFFF,FFFF,0009,0001,4481518,0001,0,0000,0000,0000,1,1,0,19,0,16,19,62240,17,62520,0011,0,0000,0000,0000,1,1,3600,6020,0,18,20,2287872,19,924900,0.010100717656314373,0.010104650631546974,0,4.147181987762451,13.775745391845703,13.795938491821289,-0.000020523999410215765,0.031518999487161636,40.92150115966797
2026-08-06 11:43:29,FFFF,FFFF,0009,0001,4482142,0001,0,0000,0000,0000,1,1,0,19,0,16,19,62240,17,62520,0011,0,0000,0000,0000,1,1,3600,6020,0,18,20,2288496,19,924900,0.010099594481289387,0.01010596752166748,0,4.147181987762451,13.779044151306152,13.820733070373535,-0.0000161259995365981,0.030785998329520226,41.373008728027344
2026-08-06 11:54:09,FFFF,FFFF,0009,0001,4482781,0001,0,0000,0000,0000,1,1,0,19,0,16,19,62240,17,62520,0011,0,0000,0000,0000,1,1,3600,6020,0,18,20,2289135,19,924900,0.010092141106724739,0.010110060684382915,0,4.146989345550537,13.681753158569336,13.807509422302246,-0.000029319999157451093,0.03621019795536995,42.08251190185547
2026-08-06 12:04:31,FFFF,FFFF,0009,0001,4483403,0001,0,0000,0000,0000,1,1,0,19,0,16,19,62240,17,62520,0011,0,0000,0000,0000,1,1,3600,6020,0,18,20,2289758,19,924900,0.01010369323194027,0.010107520036399364,0,4.147566795349121,13.627335548400879,13.65543270111084,-0.000023455999325960875,0.049550797790288925,42.813499450683594
2026-08-06 12:14:40,FFFF,FFFF,0009,0001,4484013,0001,0,0000,0000,0000,1,1,0,19,0,16,19,62240,17,62520,0011,0,0000,0000,0000,1,1,3600,6020,0,18,20,2290367,19,924900,0.010103380307555199,0.010109145194292068,0,4.147566795349121,13.614144325256348,13.648820877075195,-0.00001905799945234321,0.05028379708528519,43.50151824951172
2026-08-06 12:24:49,FFFF,FFFF,0009,0001,4484622,0001,0,0000,0000,0000,1,1,0,19,0,16,19,62240,17,62520,0011,0,0000,0000,0000,1,1,3600,6020,0,18,20,2290976,19,924900,0.010105893015861511,0.010109012946486473,0,4.147566795349121,13.620739936828613,13.628985404968262,-0.00003371799903106876,0.04412660002708435,44.10350799560547
2026-08-06 12:34:56,FFFF,FFFF,0009,0001,4485228,0001,0,0000,0000,0000,1,1,0,19,0,16,19,62240,17,62520,0011,0,0000,0000,0000,1,1,3600,6020,0,18,20,2291583,19,924900,0.01009873766452074,0.010110261850059032,0,4.147758960723877,14.870681762695312,14.891877174377441,-0.00002198999936808832,0.028733599931001663,44.79149627685547
2026-08-06 12:45:02,FFFF,FFFF,0009,0001,4485834,0001,0,0000,0000,0000,1,1,0,19,0,16,19,62240,17,62520,0011,0,0000,0000,0000,1,1,3600,6020,0,18,20,2292189,19,924900,0.010098191909492016,0.010110209695994854,0,4.147758960723877,14.71402645111084,14.83732795715332,-0.0000322519990731962,0.02917339839041233,45.393516540527344
2026-08-06 12:55:09,FFFF,FFFF,0009,0001,4486441,0001,0,0000,0000,0000,1,1,0,19,0,16,19,62240,17,62520,0011,0,0000,0000,0000,1,1,3600,6020,0,18,20,2292796,19,924900,0.010091579519212246,0.010104954242706299,0,4.147951602935791,14.745357513427734,14.493504524230957,-0.00003371799903106876,0.026974398642778397,46.01702117919922
2026-08-06 13:05:15,FFFF,FFFF,0009,0001,4487047,0001,0,0000,0000,0000,1,1,0,19,0,16,19,62240,17,62520,0011,0,0000,0000,0000,1,1,3600,6020,0,18,20,2293402,19,924900,0.010107134468853474,0.010107435286045074,0,4.147758960723877,13.841706275939941,13.903383255004883,-0.000017591999494470656,0.02844039909541607,46.44701385498047
2026-08-06 13:15:23,FFFF,FFFF,0009,0001,4487655,0001,0,0000,0000,0000,1,1,0,19,0,16,19,62240,17,62520,0011,0,0000,0000,0000,1,1,3600,6020,0,18,20,2294010,19,924900,0.01009700633585453,0.010109392926096916,0,4.147951602935791,13.55972671508789,13.605843544006348,-0.000029319999157451093,0.056147798895835876,46.87700653076172
2026-08-06 13:25:30,FFFF,FFFF,0009,0001,4488262,0001,0,0000,0000,0000,1,1,0,19,0,16,19,62240,17,62520,0011,0,0000,0000,0000,1,1,3600,6020,0,18,20,2294617,19,924900,0.010102128610014915,0.01011080015450716,0,4.148143768310547,13.604249954223633,13.632290840148926,-0.00002198999936808832,0.03694319725036621,47.435997009277344
2026-08-06 13:35:38,FFFF,FFFF,0009,0001,4488870,0001,0,0000,0000,0000,1,1,0,19,0,16,19,62240,17,62520,0011,0,0000,0000,0000,1,1,3600,6020,0,18,20,2295225,19,924900,0.010098213329911232,0.010108111426234245,0,4.148528575897217,13.604249954223633,13.663698196411133,-0.00001905799945234321,0.0496973991394043,48.339012145996094
2026-08-06 13:45:46,FFFF,FFFF,0009,0001,4489478,0001,0,0000,0000,0000,1,1,0,19,0,16,19,62240,17,62520,0011,0,0000,0000,0000,1,1,3600,6020,0,18,20,2295833,19,924900,0.010103271342813969,0.010111660696566105,0,4.148336410522461,14.969621658325195,15.010892868041992,-0.00003371799903106876,0.028147198259830475,49.32799530029297
2026-08-06 13:55:53,FFFF,FFFF,0009,0001,4490085,0001,0,0000,0000,0000,1,1,0,19,0,16,19,62240,17,62520,0011,0,0000,0000,0000,1,1,3600,6020,0,18,20,2296440,19,924900,0.010110159404575825,0.010101721622049809,0,4.148721218109131,13.866440773010254,13.928177833557129,-0.00003518399898894131,0.03166560083627701,49.88701629638672
2026-08-06 14:06:02,FFFF,FFFF,0009,0001,4490692,0001,0,0000,0000,0000,1,1,0,19,0,16,19,62240,17,62520,0011,0,0000,0000,0000,1,1,3600,6020,0,18,20,2297047,19,924900,0.010082744993269444,0.010113383643329144,0,4.148528575897217,13.779044151306152,13.815773963928223,-0.00003811599890468642,0.033424798399209976,50.46752166748047
2026-08-06 14:16:07,FFFF,FFFF,0009,0001,4491299,0001,0,0000,0000,0000,1,1,0,19,0,16,19,62240,17,62520,0011,0,0000,0000,0000,1,1,3600,6020,0,18,20,2297654,19,924900,0.010087093338370323,0.010107793845236301,0,4.148913383483887,13.675156593322754,13.799243927001953,-0.00003518399898894131,0.03518399968743324,51.00499725341797
2026-08-06 14:26:15,FFFF,FFFF,0009,0001,4491907,0001,0,0000,0000,0000,1,1,0,19,0,16,19,62240,17,62520,0011,0,0000,0000,0000,1,1,3600,6020,0,18,20,2298262,19,924900,0.010104929096996784,0.010108818300068378,0,4.148721218109131,13.73452091217041,13.771142959594727,-0.00002492199928383343,0.0348908007144928,51.435020446777344
2026-08-06 14:36:49,FFFF,FFFF,0009,0001,4492542,0001,0,0000,0000,0000,1,1,0,19,0,16,19,62240,17,62520,0011,0,0000,0000,0000,1,1,3600,6020,0,18,20,2298896,19,924900,0.010104916989803314,0.010104643180966377,0,4.149106025695801,13.726275444030762,13.769490242004395,-0.000026387999241705984,0.03298499807715416,52.01549530029297
2026-08-06 14:47:11,FFFF,FFFF,0009,0001,4493162,0001,0,0000,0000,0000,1,1,0,19,0,16,19,62240,17,62520,0011,0,0000,0000,0000,1,1,3600,6020,0,18,20,2299517,19,924900,0.010095770470798016,0.010105004534125328,0,4.148721218109131,13.760905265808105,13.784367561340332,-0.0000322519990731962,0.030639398843050003,52.25200653076172
2026-08-06 14:57:28,FFFF,FFFF,0009,0001,4493781,0001,0,0000,0000,0000,1,1,0,19,0,16,19,62240,17,62520,0011,0,0000,0000,0000,1,1,3600,6020,0,18,20,2300135,19,924900,0.01010687556117773,0.010112758725881577,0,4.149106025695801,13.765851974487305,13.802550315856934,-0.00002785399919957854,0.02858699858188629,52.273521423339844
2026-08-06 15:07:52,FFFF,FFFF,0009,0001,4494403,0001,0,0000,0000,0000,1,1,0,19,0,16,19,62240,17,62520,0011,0,0000,0000,0000,1,1,3600,6020,0,18,20,2300757,19,924900,0.010099620558321476,0.010110633447766304,0,4.149106025695801,13.586111068725586,13.637249946594238,-0.000026387999241705984,0.04720519855618477,52.23052215576172
2026-08-06 15:18:17,FFFF,FFFF,0009,0001,4495028,0001,0,0000,0000,0000,1,1,0,19,0,16,19,62240,17,62520,0011,0,0000,0000,0000,1,1,3600,6020,0,18,20,2301382,19,924900,0.01009738352149725,0.01011149026453495,0,4.148913383483887,14.740410804748535,14.435648918151855,-0.0000322519990731962,0.027414198964834213,52.23052215576172
2026-08-06 15:28:34,FFFF,FFFF,0009,0001,4495647,0001,0,0000,0000,0000,1,1,0,19,0,16,19,62240,17,62520,0011,0,0000,0000,0000,1,1,3600,6020,0,18,20,2302001,19,924900,0.010107985697686672,0.010101839900016785,0,4.149106025695801,13.731223106384277,13.75957202911377,-0.00002198999936808832,0.032838400453329086,52.273521423339844
2026-08-06 15:38:52,FFFF,FFFF,0009,0001,4496264,0001,0,0000,0000,0000,1,1,0,19,0,16,19,62240,17,62520,0011,0,0000,0000,0000,1,1,3600,6020,0,18,20,2302618,19,924900,0.01010461151599884,0.010103858076035976,0,4.148721218109131,13.759255409240723,13.795938491821289,-0.00003371799903106876,0.030932599678635597,52.445518493652344
2026-08-06 15:49:09,FFFF,FFFF,0009,0001,4496880,0001,0,0000,0000,0000,1,1,0,19,0,16,19,62240,17,62520,0011,0,0000,0000,0000,1,1,3600,6020,0,18,20,2303234,19,924900,0.010095329955220222,0.010102981701493263,0,4.148913383483887,13.62238883972168,13.645515441894531,-0.00003811599890468642,0.044419799000024796,52.83251190185547
2026-08-06 15:59:41,FFFF,FFFF,0009,0001,4497511,0001,0,0000,0000,0000,1,1,0,19,0,16,19,62240,17,62520,0011,0,0000,0000,0000,1,1,3600,6020,0,18,20,2303866,19,924900,0.010087000206112862,0.01011483184993267,0,4.149298191070557,14.949833869934082,14.501769065856934,-0.00003811599890468642,0.02389580011367798,53.477500915527344
2026-08-06 16:09:45,FFFF,FFFF,0009,0001,4498117,0001,0,0000,0000,0000,1,1,0,19,0,16,19,62240,17,62520,0011,0,0000,0000,0000,1,1,3600,6020,0,18,20,2304472,19,924900,0.01009858213365078,0.010104566812515259,0,4.149106025695801,14.847596168518066,14.967915534973145,-0.00002492199928383343,0.028293799608945847,53.950523376464844
2026-08-06 16:19:51,FFFF,FFFF,0009,0001,4498723,0001,0,0000,0000,0000,1,1,0,19,0,16,19,62240,17,62520,0011,0,0000,0000,0000,1,1,3600,6020,0,18,20,2305077,19,924900,0.010109723545610905,0.010100283659994602,0,4.149106025695801,13.742765426635742,13.784367561340332,-0.000026387999241705984,0.03386459872126579,54.552513122558594
2026-08-06 16:29:56,FFFF,FFFF,0009,0001,4499328,0001,0,0000,0000,0000,1,1,0,19,0,16,19,62240,17,62520,0011,0,0000,0000,0000,1,1,3600,6020,0,18,20,2305683,19,924900,0.010108046233654022,0.01010219007730484,0,4.149106025695801,13.749361991882324,13.786020278930664,-0.00003518399898894131,0.03239860013127327,55.068504333496094
2026-08-06 16:40:02,FFFF,FFFF,0009,0001,4499934,0001,0,0000,0000,0000,1,1,0,19,0,16,19,62240,17,62520,0011,0,0000,0000,0000,1,1,3600,6020,0,18,20,2306289,19,924900,0.010099858976900578,0.010110219940543175,0,4.149106025695801,13.675156593322754,13.76287841796875,-0.00003371799903106876,0.03049279935657978,55.54149627685547
