datelogged,Motor 1,Motor 2,Motor 3,Motor 4,Motor 5,Motor 6,Motor 7,Motor 8,Motor 9,Motor 10,Motor 11,Motor 12,Motor 13,Motor 14,Motor 15,Motor 16,CT1,CT2,OUTPUT1
2026-08-06 00:00:44,1,1,1,1,1,1,1,1,1,1,1,1,1,1,0,0,27.8388,28.674,1
2026-08-06 00:01:44,0,0,0,0,0,0,0,0,0,0,0,0,0,0,0,0,0.1538,0.0147,0
2026-08-06 00:02:44,0,0,0,0,0,0,0,0,0,0,0,0,0,0,0,0,0.1832,0.0147,0
2026-08-06 00:03:44,0,0,0,0,0,0,0,0,0,0,0,0,0,0,0,0,0.2637,0.0073,0
2026-08-06 00:04:44,0,0,0,0,0,0,0,0,0,0,0,0,0,0,0,0,0.1612,0.0073,0
2026-08-06 00:05:44,0,0,0,0,0,0,0,0,0,0,0,0,0,0,0,0,0.1905,0.0073,0
2026-08-06 00:06:44,0,0,0,0,0,0,0,0,0,0,0,0,0,0,0,0,0.1392,0.0073,0
2026-08-06 00:07:44,0,0,0,0,0,0,0,0,0,0,0,0,0,0,0,0,0.2198,0.0073,0
2026-08-06 00:08:44,0,0,0,0,0,0,0,0,0,0,0,0,0,0,0,0,0.2125,0.0147,0
2026-08-06 00:09:44,0,0,0,0,0,0,0,0,0,0,0,0,0,0,0,0,0.1465,0.0147,0
2026-08-06 00:10:44,0,0,0,0,0,0,0,0,0,0,0,0,0,0,0,0,0.2344,0.0073,0
2026-08-06 00:11:44,0,0,0,0,0,0,0,0,0,0,0,0,0,0,0,0,0.2051,0.0073,0
2026-08-06 00:12:44,0,0,0,0,0,0,0,0,0,0,0,0,0,0,0,0,0.1612,0.0147,0
2026-08-06 00:13:44,0,0,0,0,0,0,0,0,0,0,0,0,0,0,0,0,0.1465,0.0147,0
2026-08-06 00:14:44,0,0,0,0,0,0,0,0,0,0,0,0,0,0,0,0,0.1612,0.0073,0
2026-08-06 00:15:44,0,0,0,0,0,0,0,0,0,0,0,0,0,0,0,0,0.1685,0.0147,0
2026-08-06 00:16:44,0,0,0,0,0,0,0,0,0,0,0,0,0,0,0,0,0.2125,0.0073,0
2026-08-06 00:17:44,1,1,1,1,1,1,1,1,1,1,1,1,1,1,0,0,28.9231,28.1026,1
2026-08-06 00:18:44,1,1,1,1,1,1,1,1,1,1,1,1,1,1,0,0,27.6044,28.3956,1
2026-08-06 00:19:44,1,1,1,1,1,1,1,1,1,1,1,1,1,1,0,0,28.7326,27.8901,1
2026-08-06 00:20:44,1,1,1,1,1,1,1,1,1,1,1,1,1,1,0,0,28.6081,27.7729,1
2026-08-06 00:21:44,1,1,1,1,1,1,1,1,1,1,1,1,1,1,0,0,28.8425,28,1
2026-08-06 00:22:44,1,1,1,1,1,1,1,1,1,1,1,1,0,1,0,0,28.1465,29.0256,1
2026-08-06 00:23:44,1,1,1,1,1,1,1,1,1,1,1,1,1,1,0,0,27.8608,28.7399,1
2026-08-06 00:24:44,1,1,1,1,1,1,1,1,1,1,1,1,1,1,0,0,28.2784,28.7766,1
2026-08-06 00:25:44,1,1,1,1,1,1,1,1,1,1,1,1,1,1,0,0,27.8168,28.6886,1
2026-08-06 00:26:44,1,1,1,1,1,1,1,1,1,1,0,1,1,0,0,0,27.9634,28.7985,1
2026-08-06 00:27:44,1,1,1,1,1,1,1,1,1,1,1,1,0,1,0,0,28.1465,29.0183,1
2026-08-06 00:28:44,1,1,1,1,0,1,1,1,1,1,1,1,1,1,0,0,28.359,28.4029,1
2026-08-06 00:29:44,1,1,1,1,1,1,1,1,1,1,1,1,1,1,0,0,27.8535,28.4249,1
2026-08-06 00:30:44,1,1,1,1,1,1,1,1,1,1,1,1,1,1,0,0,28.4835,27.6703,1
2026-08-06 00:31:44,1,1,1,1,1,1,1,1,1,1,1,1,1,1,0,0,28.0586,28.989,1
2026-08-06 00:32:44,1,1,1,1,1,1,1,1,1,1,1,1,1,1,0,0,27.8315,28.6886,1
2026-08-06 00:33:44,1,1,1,1,1,1,1,1,1,1,0,1,1,0,0,0,28.8278,27.9634,1
2026-08-06 00:34:44,1,1,1,1,1,1,1,1,1,1,1,1,1,1,0,0,28.2711,28.4689,1
2026-08-06 00:35:44,1,1,1,1,1,1,1,1,1,1,1,1,1,1,0,0,28.1612,29.011,1
2026-08-06 00:36:44,1,1,1,1,1,1,1,1,1,1,1,1,1,1,0,0,28.2491,28.9011,1
2026-08-06 00:37:44,1,1,1,1,1,1,1,1,0,1,1,0,1,1,0,0,27.7802,28.6007,1
2026-08-06 00:38:44,1,1,1,1,1,1,1,1,1,1,1,1,1,1,0,0,27.7582,28.6081,1
2026-08-06 00:39:44,1,1,1,1,1,1,1,1,1,1,1,1,0,1,0,0,28.9451,28.0806,1
2026-08-06 00:40:44,1,1,1,1,1,1,1,1,0,1,1,0,1,1,0,0,27.7436,28.5934,1
2026-08-06 00:41:44,1,1,1,1,1,1,1,1,1,1,1,1,1,1,0,0,28.3663,28,1
2026-08-06 00:42:44,1,1,1,1,1,1,1,1,1,1,1,1,1,1,0,0,28.4396,27.5971,1
2026-08-06 00:43:44,1,1,1,1,1,1,1,1,1,0,1,1,1,1,0,0,28.3736,27.7509,1
2026-08-06 00:44:44,1,1,1,1,1,1,1,1,1,1,1,1,1,1,0,0,28.3297,28,1
2026-08-06 00:45:44,1,1,1,1,1,1,1,1,1,1,1,1,1,1,0,0,27.8242,28.6813,1
2026-08-06 00:46:44,1,1,1,1,1,1,1,1,1,1,1,1,1,1,0,0,28.359,28.5128,1
2026-08-06 00:47:44,1,1,1,1,1,1,1,1,1,1,1,1,1,1,0,0,28.7179,27.9048,1
2026-08-06 00:48:44,1,1,1,1,1,1,1,1,1,1,1,1,1,1,0,0,28.7546,27.9048,1
2026-08-06 00:49:44,1,1,1,1,1,1,1,1,1,1,1,1,1,1,0,0,28.652,27.8095,1
2026-08-06 00:50:44,1,1,1,1,1,1,1,1,1,1,1,1,1,1,0,0,28.4982,27.6557,1
2026-08-06 00:51:44,1,1,1,1,1,1,1,1,1,1,1,1,1,1,0,0,27.9194,28.7912,1
2026-08-06 00:52:44,1,1,1,1,1,1,1,1,1,1,1,1,1,1,0,0,27.7729,28.3956,1
2026-08-06 00:53:44,1,1,1,1,1,1,1,1,1,1,1,1,1,1,0,0,27.956,28.7839,1
2026-08-06 00:54:44,1,1,1,1,1,1,1,1,1,1,1,1,1,1,0,0,28.3223,28.696,1
2026-08-06 00:55:44,1,1,1,1,1,1,1,1,1,0,1,1,1,1,0,0,27.6044,28.4542,1
2026-08-06 00:56:44,1,1,1,1,1,1,1,1,1,1,1,1,1,1,0,0,28.0147,28.8718,1
2026-08-06 00:57:44,1,1,1,1,1,1,1,1,1,1,1,1,1,1,0,0,28.0733,28.9597,1
2026-08-06 00:58:44,1,1,1,1,1,1,1,1,1,1,1,1,1,1,0,0,27.9634,28.8864,1
2026-08-06 00:59:44,1,1,1,1,1,1,1,1,1,1,1,1,1,1,0,0,28.967,28.0952,1
2026-08-06 01:00:44,1,1,1,1,1,1,1,1,1,1,1,1,1,1,0,0,28.4762,27.6484,1
2026-08-06 01:01:44,1,1,1,1,1,1,1,1,1,1,0,1,1,0,0,0,28.8205,27.9634,1
2026-08-06 01:02:44,1,1,1,1,1,1,1,1,1,1,1,1,1,1,0,0,28.9231,28.0659,1
2026-08-06 01:03:44,0,0,0,0,0,0,0,0,0,0,0,0,0,0,0,0,0.1758,0.0147,0
2026-08-06 01:04:44,0,0,0,0,0,0,0,0,0,0,0,0,0,0,0,0,0.1612,0.0147,0
2026-08-06 01:05:44,0,0,0,0,0,0,0,0,0,0,0,0,0,0,0,0,0.2051,0.0073,0
2026-08-06 01:06:44,0,0,0,0,0,0,0,0,0,0,0,0,0,0,0,0,0.1832,0.0073,0
2026-08-06 01:07:44,0,0,0,0,0,0,0,0,0,0,0,0,0,0,0,0,0.1612,0.0073,0
2026-08-06 01:08:44,0,0,0,0,0,0,0,0,0,0,0,0,0,0,0,0,0.1685,0.0073,0
2026-08-06 01:09:44,0,0,0,0,0,0,0,0,0,0,0,0,0,0,0,0,0.1685,0.0147,0
2026-08-06 01:10:44,0,0,0,0,0,0,0,0,0,0,0,0,0,0,0,0,0.1612,0.0147,0
2026-08-06 01:11:44,0,0,0,0,0,0,0,0,0,0,0,0,0,0,0,0,0.2564,0.0147,0
2026-08-06 01:12:44,0,0,0,0,0,0,0,0,0,0,0,0,0,0,0,0,0.1612,0.0073,0
2026-08-06 01:13:44,0,0,0,0,0,0,0,0,0,0,0,0,0,0,0,0,0.1832,0.0147,0
2026-08-06 01:14:44,0,0,0,0,0,0,0,0,0,0,0,0,0,0,0,0,0.1905,0.0073,0
2026-08-06 01:15:44,0,0,0,0,0,0,0,0,0,0,0,0,0,0,0,0,0.1685,0.0073,0
2026-08-06 01:16:44,0,0,0,0,0,0,0,0,0,0,0,0,0,0,0,0,0.1905,0.0147,0
2026-08-06 01:17:44,0,0,0,0,0,0,0,0,0,0,0,0,0,0,0,0,0.1612,0.0073,0
2026-08-06 01:18:44,0,0,0,0,0,0,0,0,0,0,0,0,0,0,0,0,0.1832,0.0073,0
2026-08-06 01:19:44,1,1,1,1,1,1,1,1,1,1,1,1,1,1,0,0,28.3883,27.9927,1
2026-08-06 01:20:44,1,1,1,1,1,1,1,1,1,1,1,1,1,1,0,0,28.5641,27.7289,1
2026-08-06 01:21:44,1,1,1,1,1,1,1,1,1,1,1,1,1,1,0,0,28.2491,28.7253,1
2026-08-06 01:22:44,1,1,1,1,1,1,1,1,1,1,1,0,1,1,0,0,28.5275,27.7509,1
2026-08-06 01:23:44,1,1,1,1,1,1,1,1,1,1,1,1,1,1,0,0,27.7802,28.3663,1
2026-08-06 01:24:44,1,1,1,1,1,1,1,1,0,1,1,0,1,1,0,0,28.5934,27.7509,1
2026-08-06 01:25:44,1,1,1,1,1,1,1,1,1,1,1,1,1,1,0,0,28.8645,28.0147,1
2026-08-06 01:26:44,1,1,1,1,1,1,1,1,1,1,1,1,1,1,0,0,28.2344,28.7399,1
2026-08-06 01:27:44,1,1,1,1,1,1,1,1,1,1,1,1,1,1,0,0,28.5348,27.6996,1
2026-08-06 01:28:44,1,1,1,1,1,1,1,1,1,1,1,1,1,1,0,0,28.6447,27.8022,1
2026-08-06 01:29:44,1,1,1,1,1,1,1,1,1,1,1,1,1,1,0,0,27.6337,28.3077,1
2026-08-06 01:30:44,1,1,1,1,1,1,1,1,1,1,1,1,1,1,0,0,27.5897,28.4103,1
2026-08-06 01:31:44,1,1,1,1,1,1,1,1,1,1,1,1,1,1,0,0,28.5934,27.7363,1
2026-08-06 01:32:44,1,1,1,1,1,1,1,1,1,1,1,1,1,1,0,0,27.7802,28.63,1
2026-08-06 01:33:44,1,1,1,1,0,1,1,1,1,1,1,1,1,1,0,0,28.7326,28.2271,1
2026-08-06 01:34:44,1,1,1,1,1,1,1,1,1,1,1,1,1,1,0,0,28.6886,28.2198,1
2026-08-06 01:35:44,1,1,1,1,1,1,1,1,1,1,1,1,1,1,0,0,28.0513,28.9304,1
2026-08-06 01:36:44,1,1,1,1,1,1,1,1,1,1,1,1,1,1,0,0,28.7253,27.8901,1
2026-08-06 01:37:44,1,1,1,1,1,1,1,1,1,1,1,1,1,1,0,0,28.5568,27.6777,1
2026-08-06 01:38:44,1,1,1,1,1,1,1,1,1,1,0,1,1,0,0,0,28.7473,27.9121,1
2026-08-06 01:39:44,1,1,1,1,1,1,1,1,1,1,1,1,1,1,0,0,28.8791,28.1465,1
2026-08-06 01:40:44,1,1,1,1,1,1,1,1,1,1,1,1,1,1,0,0,28.4982,27.6484,1
2026-08-06 01:41:44,1,1,1,1,1,1,1,1,1,1,1,1,1,1,0,0,28.7619,27.9414,1
2026-08-06 01:42:44,1,1,1,1,1,1,1,1,1,0,1,1,1,1,0,0,27.4579,28.3443,1
2026-08-06 01:43:44,1,1,1,1,1,1,1,1,1,1,1,1,0,1,0,0,28.0952,28.9817,1
2026-08-06 01:44:44,1,1,1,1,1,1,1,1,0,1,1,0,1,1,0,0,28.5934,27.7436,1
2026-08-06 01:45:44,1,1,1,1,1,1,1,1,1,1,1,1,1,1,0,0,28.6007,27.7509,1
2026-08-06 01:46:44,1,1,1,1,1,1,1,1,1,1,1,1,1,1,0,0,27.7802,28.63,1
2026-08-06 01:47:44,1,1,1,1,1,1,1,1,1,1,1,1,1,1,0,0,28.9011,28.0952,1
2026-08-06 01:48:44,1,1,1,1,1,1,1,1,1,1,1,1,1,1,0,0,28.1319,28.9451,1
2026-08-06 01:49:44,1,1,1,1,1,1,1,1,1,1,0,1,1,0,0,0,28.7546,27.8608,1
2026-08-06 01:50:44,1,1,1,1,1,1,1,1,1,1,1,1,1,1,0,0,28.6813,27.8755,1
2026-08-06 01:51:44,1,1,1,1,1,1,1,1,1,1,1,1,1,1,0,0,28.4396,28.3077,1
2026-08-06 01:52:44,1,1,1,1,1,1,1,1,1,1,1,1,1,1,0,0,28.7839,27.9487,1
2026-08-06 01:53:44,1,1,1,1,1,1,1,1,1,1,1,1,1,1,0,0,27.6117,28.4469,1
2026-08-06 01:54:44,1,1,1,1,1,1,1,1,1,1,1,1,1,1,0,0,28.696,28.2418,1
2026-08-06 01:55:44,1,1,1,1,1,1,1,1,1,1,1,1,1,1,0,0,28.8718,28.044,1
2026-08-06 01:56:44,1,1,1,1,1,1,1,1,1,1,1,1,0,1,0,0,28.9377,28.0879,1
2026-08-06 01:57:44,1,1,1,1,1,1,1,1,1,1,1,1,1,1,0,0,27.663,28.5201,1
2026-08-06 01:58:44,1,1,1,1,1,1,1,1,1,1,1,1,1,1,0,0,27.685,28.5421,1
2026-08-06 01:59:44,1,1,1,1,1,1,1,1,1,1,1,1,1,1,0,0,28.9377,28.0879,1
2026-08-06 02:00:44,1,1,1,1,1,1,1,1,1,1,1,1,1,1,0,0,28.3736,27.5751,1
2026-08-06 02:01:44,1,1,1,1,1,1,1,1,1,0,1,1,1,1,0,0,28.3956,27.5385,1
2026-08-06 02:02:44,1,1,1,1,1,1,1,1,1,1,1,1,1,1,0,0,27.7656,28.6227,1
2026-08-06 02:03:44,1,1,1,1,1,1,1,1,1,1,1,1,1,1,0,0,28.4249,27.5971,1
2026-08-06 02:04:44,1,1,1,1,1,1,1,1,1,1,1,1,1,1,0,0,28.1099,28.9744,1
2026-08-06 02:05:44,0,0,0,0,0,0,0,0,0,0,0,0,0,0,0,0,0.2125,0.0147,0
2026-08-06 02:06:44,0,0,0,0,0,0,0,0,0,0,0,0,0,0,0,0,0.2125,0.0147,0
2026-08-06 02:07:44,0,0,0,0,0,0,0,0,0,0,0,0,0,0,0,0,0.1905,0.0147,0
2026-08-06 02:08:44,0,0,0,0,0,0,0,0,0,0,0,0,0,0,0,0,0.1685,0.0147,0
2026-08-06 02:09:44,0,0,0,0,0,0,0,0,0,0,0,0,0,0,0,0,0.1978,0.0147,0
2026-08-06 02:10:44,0,0,0,0,0,0,0,0,0,0,0,0,0,0,0,0,0.1905,0.0147,0
2026-08-06 02:11:44,0,0,0,0,0,0,0,0,0,0,0,0,0,0,0,0,0.2051,0.0147,0
2026-08-06 02:12:44,0,0,0,0,0,0,0,0,0,0,0,0,0,0,0,0,0.1758,0.0147,0
2026-08-06 02:13:44,0,0,0,0,0,0,0,0,0,0,0,0,0,0,0,0,0.2125,0.0147,0
2026-08-06 02:14:44,0,0,0,0,0,0,0,0,0,0,0,0,0,0,0,0,0.1685,0.0147,0
2026-08-06 02:15:44,0,0,0,0,0,0,0,0,0,0,0,0,0,0,0,0,0.1758,0.0073,0
2026-08-06 02:16:44,0,0,0,0,0,0,0,0,0,0,0,0,0,0,0,0,0.1758,0.0073,0
2026-08-06 02:17:44,0,0,0,0,0,0,0,0,0,0,0,0,0,0,0,0,0.1832,0.0073,0
2026-08-06 02:18:44,0,0,0,0,0,0,0,0,0,0,0,0,0,0,0,0,0.2344,0.0147,0
2026-08-06 02:19:44,0,0,0,0,0,0,0,0,0,0,0,0,0,0,0,0,0.1978,0.0073,0
2026-08-06 02:20:44,0,0,0,0,0,0,0,0,0,0,0,0,0,0,0,0,0.1978,0.0147,0
2026-08-06 02:21:44,1,1,1,1,1,1,1,1,1,1,1,1,1,1,0,0,27.6484,28.4615,1
2026-08-06 02:22:44,1,1,1,1,1,1,1,1,1,1,1,1,1,1,0,0,28.4908,27.6557,1
2026-08-06 02:23:44,1,1,1,1,1,1,1,1,1,1,1,1,1,1,0,0,28.0879,28.9084,1
2026-08-06 02:24:44,1,1,1,1,1,1,1,1,1,1,1,1,1,1,0,0,28.1465,28.5348,1
2026-08-06 02:25:44,1,1,1,1,1,1,1,1,1,1,1,1,1,1,0,0,27.9414,28.7985,1
2026-08-06 02:26:44,1,1,1,1,1,1,1,1,1,1,1,1,1,1,0,0,28.0073,28.8645,1
2026-08-06 02:27:44,1,1,1,1,1,1,1,1,1,1,1,1,1,1,0,0,28.4689,28.1978,1
2026-08-06 02:28:44,1,1,1,1,1,1,1,1,1,1,1,1,1,1,0,0,27.5971,28.4249,1
2026-08-06 02:29:44,1,1,1,1,1,1,1,1,1,1,1,1,1,1,0,0,27.8315,28.2711,1
2026-08-06 02:30:44,1,1,1,1,1,1,1,1,1,1,1,1,1,1,0,0,28.7985,28.1392,1
2026-08-06 02:31:44,1,1,1,1,1,1,1,1,1,1,1,1,1,1,0,0,28.3004,28.3736,1
2026-08-06 02:32:44,1,1,1,1,1,1,1,1,1,1,1,1,1,1,0,0,28.8352,27.978,1
2026-08-06 02:33:44,1,1,1,1,1,1,1,1,1,1,1,1,1,1,0,0,28.63,27.7949,1
2026-08-06 02:34:44,1,1,1,1,1,1,1,1,1,1,1,1,1,1,0,0,27.7509,28.6007,1
2026-08-06 02:35:44,1,1,1,1,1,1,1,1,1,1,1,1,1,1,0,0,28.6447,27.7875,1
2026-08-06 02:36:44,1,1,1,1,1,1,1,1,1,1,1,1,1,1,0,0,28.63,27.7802,1
2026-08-06 02:37:44,1,1,1,1,1,1,1,1,1,1,1,1,1,1,0,0,27.6337,28.4103,1
2026-08-06 02:38:44,1,1,1,1,1,1,1,1,1,1,1,1,1,1,0,0,28.2198,28.6813,1
2026-08-06 02:39:44,1,1,1,1,1,1,1,1,1,1,1,1,1,1,0,0,28.3443,27.8828,1
2026-08-06 02:40:44,1,1,1,1,1,1,1,1,1,1,1,1,1,1,0,0,27.9634,28.8278,1
2026-08-06 02:41:44,1,1,1,1,1,1,1,1,1,1,1,1,1,1,0,0,28.3297,28.0513,1
2026-08-06 02:42:44,1,1,1,1,1,1,1,1,1,1,1,1,1,1,0,0,28.0586,28.8425,1
2026-08-06 02:43:44,1,1,1,1,1,1,1,1,1,1,1,1,1,1,0,0,27.956,28.8132,1
2026-08-06 02:44:44,1,1,1,1,1,1,1,1,1,1,1,1,1,1,0,0,28.3004,28.3297,1
2026-08-06 02:45:44,1,1,1,1,1,1,1,1,1,1,1,1,1,1,0,0,28.4249,28.2784,1
2026-08-06 02:46:44,1,1,1,1,1,1,1,1,1,1,1,1,1,1,0,0,27.5751,28.4029,1
2026-08-06 02:47:44,1,1,1,1,1,1,1,1,1,1,1,1,1,1,0,0,27.978,28.8059,1
2026-08-06 02:48:44,1,1,1,1,1,1,1,1,1,1,1,1,1,1,0,0,28.0293,28.8938,1
2026-08-06 02:49:44,1,1,1,1,1,1,1,1,1,1,1,1,1,1,0,0,28.6886,27.8168,1
2026-08-06 02:50:44,1,1,1,1,1,1,1,1,1,1,1,1,1,1,0,0,28.7473,27.8901,1
2026-08-06 02:51:44,1,1,1,1,1,1,1,1,1,1,1,1,1,1,0,0,28.6447,27.8242,1
2026-08-06 02:52:44,1,1,1,1,1,1,1,1,1,1,1,1,1,1,0,0,28.2125,28.5055,1
2026-08-06 02:53:44,1,1,1,1,1,1,1,1,0,1,1,0,1,1,0,0,27.685,28.5494,1
2026-08-06 02:54:44,1,1,1,1,1,1,1,1,1,1,1,1,1,1,0,0,28.2198,28.4835,1
2026-08-06 02:55:44,1,1,1,1,1,1,1,1,1,1,1,1,1,1,0,0,27.7582,28.63,1
2026-08-06 02:56:44,1,1,1,1,1,1,1,1,1,0,1,1,1,1,0,0,28.359,27.5165,1
2026-08-06 02:57:44,1,1,1,1,1,1,1,1,1,1,1,1,1,1,0,0,28.7546,27.9048,1
2026-08-06 02:58:44,1,1,1,1,1,1,1,1,1,0,1,1,1,1,0,0,27.5165,28.3223,1
2026-08-06 02:59:44,1,1,1,1,1,1,1,1,1,1,1,1,1,1,0,0,28.8278,27.9487,1
2026-08-06 03:00:44,1,1,1,1,1,1,1,1,1,1,1,1,1,1,0,0,28.7912,28.1319,1
2026-08-06 03:01:44,1,1,1,1,1,1,1,1,1,1,1,1,1,1,0,0,27.6557,28.4982,1
2026-08-06 03:02:44,1,1,1,1,1,1,1,1,1,1,1,1,1,1,0,0,28.5055,27.6484,1
2026-08-06 03:03:44,1,1,1,1,1,1,1,1,0,1,1,0,1,1,0,0,28.5494,27.663,1
2026-08-06 03:04:44,1,1,1,1,1,1,1,1,1,1,1,1,1,1,0,0,28.4542,27.6044,1
2026-08-06 03:05:44,1,1,1,1,1,1,1,1,1,1,1,1,1,1,0,0,27.9048,28.7619,1
2026-08-06 03:06:44,1,1,1,1,1,1,1,1,1,1,1,1,1,1,0,0,27.8974,28.8205,1
2026-08-06 03:07:44,0,0,0,0,0,0,0,0,0,0,0,0,0,0,0,0,0.1832,0.0147,0
2026-08-06 03:08:44,0,0,0,0,0,0,0,0,0,0,0,0,0,0,0,0,0.2051,0.0073,0
2026-08-06 03:09:44,0,0,0,0,0,0,0,0,0,0,0,0,0,0,0,0,0.1978,0.0073,0
2026-08-06 03:10:44,0,0,0,0,0,0,0,0,0,0,0,0,0,0,0,0,0.1612,0.0073,0
2026-08-06 03:11:44,0,0,0,0,0,0,0,0,0,0,0,0,0,0,0,0,0.1758,0.0147,0
2026-08-06 03:12:44,0,0,0,0,0,0,0,0,0,0,0,0,0,0,0,0,0.1905,0.0073,0
2026-08-06 03:13:44,0,0,0,0,0,0,0,0,0,0,0,0,0,0,0,0,0.1832,0.0073,0
2026-08-06 03:14:44,0,0,0,0,0,0,0,0,0,0,0,0,0,0,0,0,0.1832,0.0073,0
2026-08-06 03:15:44,0,0,0,0,0,0,0,0,0,0,0,0,0,0,0,0,0.2711,0.0147,0
2026-08-06 03:16:44,0,0,0,0,0,0,0,0,0,0,0,0,0,0,0,0,0.2198,0.0147,0
2026-08-06 03:17:44,0,0,0,0,0,0,0,0,0,0,0,0,0,0,0,0,0.2198,0.0073,0
2026-08-06 03:18:44,0,0,0,0,0,0,0,0,0,0,0,0,0,0,0,0,0.2125,0.0147,0
2026-08-06 03:19:44,0,0,0,0,0,0,0,0,0,0,0,0,0,0,0,0,0.2198,0.0147,0
2026-08-06 03:20:44,0,0,0,0,0,0,0,0,0,0,0,0,0,0,0,0,0.1758,0.0147,0
2026-08-06 03:21:44,0,0,0,0,0,0,0,0,0,0,0,0,0,0,0,0,0.1758,0.0073,0
2026-08-06 03:22:44,0,0,0,0,0,0,0,0,0,0,0,0,0,0,0,0,0.2271,0.0073,0
2026-08-06 03:23:44,1,1,1,1,1,1,1,1,1,0,1,1,1,1,0,0,28.359,27.5385,1
2026-08-06 03:24:44,1,1,1,1,1,1,1,1,1,1,1,1,1,1,0,0,28.0952,28.8352,1
2026-08-06 03:25:44,1,1,1,1,1,1,1,1,1,1,1,1,1,1,0,0,28.5348,28.2051,1
2026-08-06 03:26:44,1,1,1,1,1,1,1,1,1,1,1,1,1,1,0,0,27.5604,28.381,1
2026-08-06 03:27:44,1,1,1,1,1,1,1,1,1,1,1,1,1,1,0,0,27.5458,28.3663,1
2026-08-06 03:28:44,1,1,1,1,1,1,1,1,1,1,1,1,1,1,0,0,27.6484,28.4029,1
2026-08-06 03:29:44,1,1,1,1,1,1,1,1,1,1,1,1,1,1,0,0,28.2198,28.2418,1
2026-08-06 03:30:44,1,1,1,1,1,1,1,1,1,1,1,1,1,1,0,0,28.0586,28.7839,1
2026-08-06 03:31:44,1,1,1,1,1,1,1,1,1,1,1,1,1,1,0,0,28.4982,27.6703,1
2026-08-06 03:32:44,1,1,1,1,1,1,1,1,1,1,1,1,1,1,0,0,28.2491,28.359,1
2026-08-06 03:33:44,1,1,1,1,1,1,1,1,1,1,1,1,1,1,0,0,27.5604,28.3883,1
2026-08-06 03:34:44,1,1,1,1,1,1,1,1,1,1,1,1,0,1,0,0,28,28.9011,1
2026-08-06 03:35:44,1,1,1,1,1,1,1,1,1,1,1,1,1,1,0,0,28.0513,28.8059,1
2026-08-06 03:36:44,1,1,1,1,1,1,1,1,1,1,1,1,1,1,0,0,28.6886,27.8315,1
2026-08-06 03:37:44,1,1,1,1,0,1,1,1,1,1,1,1,1,1,0,0,28.1026,28.5348,1
2026-08-06 03:38:44,1,1,1,1,1,1,1,1,0,1,1,0,1,1,0,0,27.6996,28.5494,1
2026-08-06 03:39:44,1,1,1,1,1,1,1,1,1,1,1,1,1,1,0,0,28.5861,27.7289,1
2026-08-06 03:40:44,1,1,1,1,1,1,1,1,1,1,1,1,1,1,0,0,28.5788,27.7363,1
2026-08-06 03:41:44,1,1,1,1,1,1,1,1,0,1,1,1,1,1,0,0,28.5348,27.6777,1
2026-08-06 03:42:44,1,1,1,1,1,1,1,1,1,1,1,1,1,1,0,0,28.2711,28.4176,1
2026-08-06 03:43:44,1,1,1,1,1,1,1,1,1,1,1,1,1,1,0,0,27.6044,28.4396,1
2026-08-06 03:44:44,1,1,1,1,1,1,1,1,1,1,1,1,1,1,0,0,28.6227,27.7582,1
2026-08-06 03:45:44,1,1,1,1,1,1,1,1,1,1,1,1,1,1,0,0,28.3004,27.4725,1
2026-08-06 03:46:44,1,1,1,1,1,1,1,1,1,1,1,1,1,1,0,0,28.4029,27.5604,1
2026-08-06 03:47:44,1,1,1,1,1,1,1,1,1,1,1,1,1,1,0,0,27.707,28.6227,1
2026-08-06 03:48:44,1,1,1,1,1,1,1,1,1,1,1,1,1,1,0,0,28.8205,27.9634,1
2026-08-06 03:49:44,1,1,1,1,1,1,1,1,1,1,1,1,1,1,0,0,27.7656,28.6154,1
2026-08-06 03:50:44,1,1,1,1,1,1,1,1,1,1,1,1,1,1,0,0,27.7802,28.6227,1
2026-08-06 03:51:44,1,1,1,1,1,1,1,1,1,1,1,1,1,1,0,0,28.5275,27.663,1
2026-08-06 03:52:44,1,1,1,1,1,1,1,1,1,1,0,1,1,0,0,0,27.8608,28.7179,1
2026-08-06 03:53:44,1,1,1,1,1,1,1,1,1,1,1,1,1,1,0,0,28.7253,28.0952,1
2026-08-06 03:54:44,1,1,1,1,1,1,1,1,1,1,1,1,1,1,0,0,28.4689,27.6117,1
2026-08-06 03:55:44,1,1,1,1,1,1,1,1,1,1,1,1,1,1,0,0,27.641,28.4689,1
2026-08-06 03:56:44,1,1,1,1,1,1,1,1,1,1,1,1,1,1,0,0,28.6813,27.8315,1
2026-08-06 03:57:44,1,1,1,1,1,1,1,1,1,1,1,1,1,1,0,0,27.7729,28.6227,1
2026-08-06 03:58:44,1,1,1,1,1,1,1,1,1,1,1,1,1,1,0,0,28.8938,28.0147,1
2026-08-06 03:59:44,1,1,1,1,1,1,1,1,1,1,1,1,1,1,0,0,27.7656,28.6227,1
2026-08-06 04:00:44,1,1,1,1,1,1,1,1,1,1,1,1,1,1,0,0,28.044,28.8498,1
2026-08-06 04:01:44,1,1,1,1,1,1,1,1,1,1,1,1,1,1,0,0,28.4689,27.6117,1
2026-08-06 04:02:44,1,1,1,1,1,1,1,1,1,1,1,1,1,1,0,0,28.1465,28.6593,1
2026-08-06 04:03:44,1,1,1,1,1,1,1,1,1,1,1,1,1,1,0,0,27.6484,28.4762,1
2026-08-06 04:04:44,1,1,1,1,1,1,1,1,1,1,1,1,1,1,0,0,27.8242,28.6813,1
2026-08-06 04:05:44,1,1,1,1,1,1,1,1,1,1,1,1,1,1,0,0,28.2051,28.4689,1
2026-08-06 04:06:44,1,1,1,1,1,1,1,1,1,1,1,1,1,1,0,0,27.663,28.5128,1
2026-08-06 04:07:44,1,1,1,1,1,1,1,1,1,1,1,1,0,1,0,0,28.8718,28.0073,1
2026-08-06 04:08:44,1,1,1,1,1,1,1,1,1,1,1,1,1,1,0,0,27.641,28.4835,1
2026-08-06 04:09:44,0,0,0,0,0,0,0,0,0,0,0,0,0,0,0,0,0.2198,0.0073,0
2026-08-06 04:10:44,0,0,0,0,0,0,0,0,0,0,0,0,0,0,0,0,0.1832,0.0073,0
2026-08-06 04:11:44,0,0,0,0,0,0,0,0,0,0,0,0,0,0,0,0,0.2418,0.0073,0
2026-08-06 04:12:44,0,0,0,0,0,0,0,0,0,0,0,0,0,0,0,0,0.1905,0.0147,0
2026-08-06 04:13:44,0,0,0,0,0,0,0,0,0,0,0,0,0,0,0,0,0.2271,0.0073,0
2026-08-06 04:14:44,0,0,0,0,0,0,0,0,0,0,0,0,0,0,0,0,0.1758,0.0147,0
2026-08-06 04:15:44,0,0,0,0,0,0,0,0,0,0,0,0,0,0,0,0,0.1905,0.0073,0
2026-08-06 04:16:44,0,0,0,0,0,0,0,0,0,0,0,0,0,0,0,0,0.2051,0.0147,0
2026-08-06 04:17:44,0,0,0,0,0,0,0,0,0,0,0,0,0,0,0,0,0.2637,0.0147,0
2026-08-06 04:18:44,0,0,0,0,0,0,0,0,0,0,0,0,0,0,0,0,0.2125,0.0073,0
2026-08-06 04:19:44,0,0,0,0,0,0,0,0,0,0,0,0,0,0,0,0,0.2125,0.0073,0
2026-08-06 04:20:44,0,0,0,0,0,0,0,0,0,0,0,0,0,0,0,0,0.1905,0.0073,0
2026-08-06 04:21:44,0,0,0,0,0,0,0,0,0,0,0,0,0,0,0,0,0.1758,0.0147,0
2026-08-06 04:22:44,0,0,0,0,0,0,0,0,0,0,0,0,0,0,0,0,0.2198,0.0147,0
2026-08-06 04:23:44,0,0,0,0,0,0,0,0,0,0,0,0,0,0,0,0,0.1832,0.0147,0
2026-08-06 04:24:44,0,0,0,0,0,0,0,0,0,0,0,0,0,0,0,0,0.2418,0.0073,0
2026-08-06 04:25:44,1,1,1,1,1,1,1,1,1,1,1,1,1,1,0,0,28.7399,28.1245,1
2026-08-06 04:26:44,1,1,1,1,1,1,1,1,1,1,1,1,1,1,0,0,28.4249,28.2271,1
2026-08-06 04:27:44,1,1,1,1,1,1,1,1,1,1,1,1,1,1,0,0,27.6044,28.4029,1
2026-08-06 04:28:44,1,1,1,1,1,1,1,1,1,1,1,1,1,1,0,0,28.7766,28.1026,1
2026-08-06 04:29:44,1,1,1,1,1,1,1,1,1,1,1,1,1,1,0,0,28.1392,28.5788,1
2026-08-06 04:30:44,1,1,1,1,1,1,1,1,1,1,1,1,1,1,0,0,27.5604,28.4029,1
2026-08-06 04:31:44,1,1,1,1,1,1,1,1,1,1,1,1,1,1,0,0,27.9341,28.8205,1
2026-08-06 04:32:44,1,1,1,1,1,1,1,1,1,1,1,1,1,1,0,0,28.2051,28.5788,1
2026-08-06 04:33:44,1,1,1,1,1,1,1,1,1,1,1,1,1,1,0,0,28.1612,28.5788,1
2026-08-06 04:34:44,1,1,1,1,1,1,1,1,1,1,1,1,0,1,0,0,28.044,28.9084,1
2026-08-06 04:35:44,1,1,1,1,1,1,1,1,1,1,1,1,1,1,0,0,28.0659,28.7985,1
2026-08-06 04:36:44,1,1,1,1,1,1,1,1,1,1,1,1,1,1,0,0,27.9634,28.2637,1
2026-08-06 04:37:44,1,1,1,1,1,1,1,1,1,1,1,1,1,1,0,0,28.6227,27.7656,1
2026-08-06 04:38:44,1,1,1,1,1,1,1,1,1,1,1,1,1,1,0,0,28.8498,28.0586,1
2026-08-06 04:39:44,1,1,1,1,1,1,1,1,1,1,1,1,1,1,0,0,27.663,28.4982,1
2026-08-06 04:40:44,1,1,1,1,1,1,1,1,1,1,1,1,1,1,0,0,27.5604,28.3663,1
2026-08-06 04:41:44,1,1,1,1,1,1,1,1,1,1,1,1,1,1,0,0,27.8901,28.7326,1
2026-08-06 04:42:44,1,1,1,1,1,1,1,1,1,1,0,1,1,0,0,0,28.7179,27.8608,1
2026-08-06 04:43:44,1,1,1,1,1,1,1,1,1,1,1,1,1,1,0,0,27.978,28.2344,1
2026-08-06 04:44:44,1,1,1,1,1,1,1,1,1,1,1,1,1,1,0,0,28.2491,28.4615,1
2026-08-06 04:45:44,1,1,1,1,1,1,1,1,1,1,1,1,1,1,0,0,27.8901,28.8132,1
2026-08-06 04:46:44,1,1,1,1,1,1,1,1,1,1,1,1,0,1,0,0,28.8864,28.022,1
2026-08-06 04:47:44,1,1,1,1,1,1,1,1,1,1,1,1,1,1,0,0,28.5348,27.6703,1
2026-08-06 04:48:44,1,1,1,1,1,1,1,1,1,1,1,1,0,1,0,0,28.8278,28,1
2026-08-06 04:49:44,1,1,1,1,1,1,1,1,1,1,1,1,1,1,0,0,27.9853,28.8352,1
2026-08-06 04:50:44,1,1,1,1,1,1,1,1,1,1,1,1,1,1,0,0,27.7289,28.5861,1
2026-08-06 04:51:44,1,1,1,1,1,1,1,1,1,1,1,1,1,1,0,0,28.2271,28.5714,1
2026-08-06 04:52:44,1,1,1,1,1,1,1,1,1,1,1,1,1,0,0,0,28.6447,27.7949,1
2026-08-06 04:53:44,1,1,1,1,1,1,1,1,1,1,1,1,0,1,0,0,28.8425,27.978,1
2026-08-06 04:54:44,1,1,1,1,1,1,1,1,1,1,1,1,1,1,0,0,27.4872,28.315,1
2026-08-06 04:55:44,1,1,1,1,1,1,1,1,1,1,1,1,1,1,0,0,27.5311,28.381,1
2026-08-06 04:56:44,1,1,1,1,1,1,1,1,0,1,1,0,1,1,0,0,28.5421,27.6117,1
2026-08-06 04:57:44,1,1,1,1,1,1,1,1,1,1,1,1,1,1,0,0,28.5128,27.619,1
2026-08-06 04:58:44,1,1,1,1,1,1,1,1,1,1,1,1,1,1,0,0,28.5934,27.7363,1
2026-08-06 04:59:44,1,1,1,1,1,1,1,1,1,1,1,1,1,1,0,0,27.5971,28.4322,1
2026-08-06 05:00:44,1,1,1,1,1,1,1,1,1,1,1,1,0,1,0,0,27.9414,28.8278,1
2026-08-06 05:01:44,1,1,1,1,1,1,1,1,1,1,1,1,1,1,0,0,28.4469,28.1392,1
2026-08-06 05:02:44,1,1,1,1,1,1,1,1,1,1,1,1,1,1,0,0,28.4103,28.1905,1
2026-08-06 05:03:44,1,1,1,1,1,1,1,1,1,1,1,1,1,1,0,0,28.2491,28.4908,1
2026-08-06 05:04:44,1,1,1,1,1,1,1,1,1,1,1,1,1,1,0,0,28.6154,28.1978,1
2026-08-06 05:05:44,1,1,1,1,1,1,1,1,1,1,1,1,1,1,0,0,27.5385,28.359,1
2026-08-06 05:06:44,1,1,1,1,1,1,1,1,1,1,1,1,1,1,0,0,28.6081,27.7875,1
2026-08-06 05:07:44,1,1,1,1,1,1,1,1,1,1,1,1,1,1,0,0,28.7912,27.9267,1
2026-08-06 05:08:44,1,1,1,1,1,1,1,1,1,1,1,1,1,1,0,0,27.9853,28.8498,1
2026-08-06 05:09:44,1,1,1,1,1,1,1,1,1,1,1,1,1,1,0,0,28.0659,28.9011,1
2026-08-06 05:10:44,1,1,1,1,1,1,1,1,1,1,1,1,1,1,0,0,28.6374,27.7656,1
2026-08-06 05:11:44,0,0,0,0,0,0,0,0,0,0,0,0,0,0,0,0,0.2491,0.0147,0
2026-08-06 05:12:44,0,0,0,0,0,0,0,0,0,0,0,0,0,0,0,0,0.1905,0.0073,0
2026-08-06 05:13:44,0,0,0,0,0,0,0,0,0,0,0,0,0,0,0,0,0.1978,0.0147,0
2026-08-06 05:14:44,0,0,0,0,0,0,0,0,0,0,0,0,0,0,0,0,0.2051,0.0147,0
2026-08-06 05:15:44,0,0,0,0,0,0,0,0,0,0,0,0,0,0,0,0,0.2491,0.0073,0
2026-08-06 05:16:44,0,0,0,0,0,0,0,0,0,0,0,0,0,0,0,0,0.2418,0.0147,0
2026-08-06 05:17:44,0,0,0,0,0,0,0,0,0,0,0,0,0,0,0,0,0.2344,0.0073,0
2026-08-06 05:18:44,0,0,0,0,0,0,0,0,0,0,0,0,0,0,0,0,0.2051,0.0147,0
2026-08-06 05:19:44,0,0,0,0,0,0,0,0,0,0,0,0,0,0,0,0,0.2344,0.0147,0
2026-08-06 05:20:44,0,0,0,0,0,0,0,0,0,0,0,0,0,0,0,0,0.2271,0.0073,0
2026-08-06 05:21:44,0,0,0,0,0,0,0,0,0,0,0,0,0,0,0,0,0.2491,0.0147,0
2026-08-06 05:22:44,0,0,0,0,0,0,0,0,0,0,0,0,0,0,0,0,0.2564,0.0147,0
2026-08-06 05:23:44,0,0,0,0,0,0,0,0,0,0,0,0,0,0,0,0,0.2198,0.0073,0
2026-08-06 05:24:44,0,0,0,0,0,0,0,0,0,0,0,0,0,0,0,0,0.2271,0.0073,0
2026-08-06 05:25:44,0,0,0,0,0,0,0,0,0,0,0,0,0,0,0,0,0.1905,0.0073,0
2026-08-06 05:26:44,0,0,0,0,0,0,0,0,0,0,0,0,0,0,0,0,0.2344,0.0073,0
2026-08-06 05:27:44,1,1,1,1,1,1,1,1,1,1,1,1,1,1,0,0,28.2271,28.4469,1
2026-08-06 05:28:44,1,1,1,1,1,1,1,1,1,1,1,1,1,1,0,0,28.2418,27.8462,1
2026-08-06 05:29:44,1,1,1,1,1,1,1,1,1,1,1,1,1,1,0,0,28.6667,27.8242,1
2026-08-06 05:30:44,1,1,1,1,1,1,1,1,1,1,1,1,1,1,0,0,28.4615,27.619,1
2026-08-06 05:31:44,1,1,1,1,1,1,1,1,1,1,0,1,1,0,0,0,28.6886,27.8388,1
2026-08-06 05:32:44,1,1,1,1,1,1,1,1,1,1,1,1,1,1,0,0,28.2344,28.4762,1
2026-08-06 05:33:44,1,1,1,1,1,1,1,1,1,1,1,1,1,1,0,0,28.4029,27.5531,1
2026-08-06 05:34:44,1,1,1,1,1,1,1,1,1,1,1,1,1,1,0,0,28.5421,28.2051,1
2026-08-06 05:35:44,1,1,1,1,1,1,1,1,1,1,1,1,1,1,0,0,28.6154,27.7802,1
2026-08-06 05:36:44,1,1,1,1,0,1,1,1,1,1,1,1,1,1,0,0,28.7253,28.1099,1
2026-08-06 05:37:44,1,1,1,1,1,1,1,1,1,1,1,1,1,1,0,0,28.337,27.4872,1
2026-08-06 05:38:44,1,1,1,1,1,1,1,1,1,1,1,1,1,1,0,0,28.3004,27.4432,1
2026-08-06 05:39:44,1,1,1,1,1,1,1,1,1,1,1,1,1,1,0,0,28.1832,28.5348,1
2026-08-06 05:40:44,1,1,1,1,1,1,1,1,1,1,0,1,1,0,0,0,28.6813,27.8315,1
2026-08-06 05:41:44,1,1,1,1,1,1,1,1,1,1,1,1,1,1,0,0,27.978,28.2271,1
2026-08-06 05:42:44,1,1,1,1,1,1,1,1,1,1,1,1,1,1,0,0,28.6447,27.7875,1
2026-08-06 05:43:44,1,1,1,1,1,1,1,1,1,1,1,1,1,1,0,0,28.2784,28.1099,1
2026-08-06 05:44:44,1,1,1,1,1,1,1,1,1,1,1,1,1,1,0,0,28.3663,27.5311,1
2026-08-06 05:45:44,1,1,1,1,1,1,1,1,1,1,1,1,1,1,0,0,27.8242,28.6374,1
2026-08-06 05:46:44,1,1,1,1,1,1,1,1,1,0,1,1,1,1,0,0,28.3297,27.4945,1
2026-08-06 05:47:44,1,1,1,1,1,1,1,1,1,1,1,1,1,1,0,0,28.4615,27.6117,1
2026-08-06 05:48:44,1,1,1,1,1,1,1,1,1,1,1,1,1,1,0,0,27.8901,28.7399,1
2026-08-06 05:49:44,1,1,1,1,1,1,1,1,1,1,1,1,1,1,0,0,27.5311,28.4103,1
2026-08-06 05:50:44,1,1,1,1,0,1,1,1,1,1,1,1,1,1,0,0,28.1465,28.7473,1
2026-08-06 05:51:44,1,1,1,1,1,1,1,1,1,1,1,1,1,1,0,0,28.6667,28.1245,1
2026-08-06 05:52:44,1,1,1,1,1,1,1,1,1,1,1,1,1,1,0,0,28.1465,28.4176,1
2026-08-06 05:53:44,1,1,1,1,1,1,1,1,1,1,1,1,1,1,0,0,28.3883,28.1685,1
2026-08-06 05:54:44,1,1,1,1,1,1,1,1,1,1,1,1,1,1,0,0,28.0659,28.7619,1
2026-08-06 05:55:44,1,1,1,1,1,1,1,1,1,1,1,1,1,1,0,0,28.5421,27.6777,1
2026-08-06 05:56:44,1,1,1,1,1,1,1,1,1,1,1,1,1,1,0,0,27.5897,28.3004,1
2026-08-06 05:57:44,1,1,1,1,1,1,1,1,1,1,1,1,1,1,0,0,28.5494,28.1685,1
2026-08-06 05:58:44,1,1,1,1,1,1,1,1,1,1,1,1,1,1,0,0,28.7619,27.8974,1
2026-08-06 05:59:44,1,1,1,1,1,1,1,1,1,1,1,1,1,1,0,0,27.7143,28.6007,1
2026-08-06 06:00:44,1,1,1,1,1,1,1,1,1,1,1,1,1,1,0,0,27.6923,28.5275,1
2026-08-06 06:01:44,1,1,1,1,1,1,1,1,1,1,1,1,1,1,0,0,27.978,28.8425,1
2026-08-06 06:02:44,1,1,1,1,1,1,1,1,1,1,1,1,1,1,0,0,28.2051,28.6007,1
2026-08-06 06:03:44,1,1,1,1,1,1,1,1,1,1,1,1,1,1,0,0,28.0073,28.8864,1
2026-08-06 06:04:44,1,1,1,1,1,1,1,1,1,1,1,1,1,1,0,0,28.3736,27.5311,1
2026-08-06 06:05:44,1,1,1,1,1,1,1,1,1,1,1,1,1,1,0,0,28.7912,28.1099,1
2026-08-06 06:06:44,1,1,1,1,1,1,1,1,1,1,1,1,1,1,0,0,27.5751,28.4029,1
2026-08-06 06:07:44,1,1,1,1,1,1,1,1,1,1,1,1,1,1,0,0,27.7363,28.5861,1
2026-08-06 06:08:44,1,1,1,1,1,1,1,1,1,1,1,1,1,1,0,0,27.9927,28.8352,1
2026-08-06 06:09:44,1,1,1,1,1,1,1,1,1,1,1,1,1,1,0,0,27.7656,28.6081,1
2026-08-06 06:10:44,1,1,1,1,1,1,1,1,1,1,1,1,1,1,0,0,28.6813,27.8242,1
2026-08-06 06:11:44,1,1,1,1,1,1,1,1,1,1,1,1,0,1,0,0,28.0513,28.9084,1
2026-08-06 06:12:44,1,1,1,1,1,1,1,1,1,1,1,1,1,1,0,0,27.8315,28.696,1
2026-08-06 06:13:44,0,0,0,0,0,0,0,0,0,0,0,0,0,0,0,0,0.2198,0.0073,0
2026-08-06 06:14:44,0,0,0,0,0,0,0,0,0,0,0,0,0,0,0,0,0.2125,0.0073,0
2026-08-06 06:15:44,0,0,0,0,0,0,0,0,0,0,0,0,0,0,0,0,0.1905,0.0147,0
2026-08-06 06:16:44,0,0,0,0,0,0,0,0,0,0,0,0,0,0,0,0,0.2125,0.0073,0
2026-08-06 06:17:44,0,0,0,0,0,0,0,0,0,0,0,0,0,0,0,0,0.2198,0.0147,0
2026-08-06 06:18:44,0,0,0,0,0,0,0,0,0,0,0,0,0,0,0,0,0.2491,0.0073,0
2026-08-06 06:19:44,0,0,0,0,0,0,0,0,0,0,0,0,0,0,0,0,0.1832,0.0147,0
2026-08-06 06:20:44,0,0,0,0,0,0,0,0,0,0,0,0,0,0,0,0,0.2125,0.0147,0
2026-08-06 06:21:44,0,0,0,0,0,0,0,0,0,0,0,0,0,0,0,0,0.2271,0.0147,0
2026-08-06 06:22:44,0,0,0,0,0,0,0,0,0,0,0,0,0,0,0,0,0.1978,0.0073,0
2026-08-06 06:23:44,0,0,0,0,0,0,0,0,0,0,0,0,0,0,0,0,0.2344,0.0073,0
2026-08-06 06:24:44,0,0,0,0,0,0,0,0,0,0,0,0,0,0,0,0,0.2418,0.0147,0
2026-08-06 06:25:44,0,0,0,0,0,0,0,0,0,0,0,0,0,0,0,0,0.2198,0.0073,0
2026-08-06 06:26:44,0,0,0,0,0,0,0,0,0,0,0,0,0,0,0,0,0.2637,0.0147,0
2026-08-06 06:27:44,0,0,0,0,0,0,0,0,0,0,0,0,0,0,0,0,0.2125,0.0073,0
2026-08-06 06:28:44,0,0,0,0,0,0,0,0,0,0,0,0,0,0,0,0,0.2051,0.0073,0
2026-08-06 06:29:44,1,1,1,1,1,1,1,1,1,1,1,1,1,1,0,0,28.4542,27.6337,1
2026-08-06 06:30:44,1,1,1,1,1,1,1,1,1,1,1,1,1,1,0,0,27.7143,28.5348,1
2026-08-06 06:31:44,1,1,1,1,1,1,1,1,1,1,1,1,0,1,0,0,28.0073,28.8791,1
2026-08-06 06:32:44,1,1,1,1,1,1,1,1,1,0,1,1,1,1,0,0,28.315,27.4799,1
2026-08-06 06:33:44,1,1,1,1,1,1,1,1,1,1,1,1,1,1,0,0,28.4615,27.6117,1
2026-08-06 06:34:44,1,1,1,1,1,1,1,1,1,1,1,1,1,1,0,0,27.8535,28.7033,1
2026-08-06 06:35:44,1,1,1,1,1,1,1,1,1,1,1,1,1,1,0,0,27.8828,28.7326,1
2026-08-06 06:36:44,1,1,1,1,1,1,1,1,1,1,1,1,1,1,0,0,27.7436,28.5568,1
2026-08-06 06:37:44,1,1,1,1,1,1,1,1,1,1,0,1,1,1,0,0,27.8315,28.6813,1
2026-08-06 06:38:44,1,1,1,1,1,1,1,1,1,1,1,1,1,1,0,0,27.685,28.5275,1
2026-08-06 06:39:44,1,1,1,1,1,1,1,1,1,1,1,1,1,1,0,0,27.6996,28.5275,1
2026-08-06 06:40:44,1,1,1,1,1,1,1,1,1,1,1,1,1,1,0,0,28.4689,27.6264,1
2026-08-06 06:41:44,1,1,1,1,1,1,1,1,1,1,1,1,1,1,0,0,27.5385,28.4249,1
2026-08-06 06:42:44,1,1,1,1,1,1,1,1,1,1,1,1,1,1,0,0,27.8608,28.2784,1
2026-08-06 06:43:44,1,1,1,1,1,1,1,1,1,1,1,1,1,1,0,0,28.696,28.1245,1
2026-08-06 06:44:44,1,1,1,1,1,1,1,1,1,1,1,1,1,1,0,0,28.5861,27.7216,1
2026-08-06 06:45:44,1,1,1,1,1,1,1,1,1,1,1,1,1,1,0,0,28.5568,27.6996,1
2026-08-06 06:46:44,1,1,1,1,1,1,1,1,1,1,1,1,1,1,0,0,27.5604,28.4103,1
2026-08-06 06:47:44,1,1,1,1,1,1,1,1,1,1,1,1,1,1,0,0,28.7692,28.0073,1
2026-08-06 06:48:44,1,1,1,1,1,1,1,1,0,1,1,0,1,1,0,0,28.5201,27.6557,1
2026-08-06 06:49:44,1,1,1,1,1,1,1,1,1,1,1,1,1,1,0,0,28.6813,27.8242,1
2026-08-06 06:50:44,1,1,1,1,1,1,1,1,1,1,1,1,1,1,0,0,28.8498,27.9487,1
2026-08-06 06:51:44,1,1,1,1,1,1,1,1,1,1,1,1,1,1,0,0,28.6081,27.7582,1
2026-08-06 06:52:44,1,1,1,1,1,1,1,1,1,1,1,1,1,1,0,0,27.6996,28.5494,1
2026-08-06 06:53:44,1,1,1,1,1,1,1,1,1,1,1,1,1,1,0,0,27.641,28.4908,1
2026-08-06 06:54:44,1,1,1,1,1,1,1,1,1,1,1,1,1,1,0,0,28.2637,28.1978,1
2026-08-06 06:55:44,1,1,1,1,1,1,1,1,1,1,1,1,1,1,0,0,27.8388,28.2198,1
2026-08-06 06:56:44,1,1,1,1,1,1,1,1,1,1,1,1,1,1,0,0,27.5824,28.3736,1
2026-08-06 06:57:44,1,1,1,1,1,1,1,1,1,1,1,1,1,0,0,0,28.6227,27.7216,1
2026-08-06 06:58:44,1,1,1,1,1,1,1,1,1,1,1,1,1,1,0,0,27.9341,28.7692,1
2026-08-06 06:59:44,1,1,1,1,1,1,1,1,1,1,1,1,1,1,0,0,28.2051,28.5641,1
2026-08-06 07:00:44,1,1,1,1,1,1,1,1,1,1,1,1,1,1,0,0,27.8755,28.7326,1
2026-08-06 07:01:44,1,1,1,1,1,1,1,1,1,1,0,1,1,0,0,0,28.6813,27.8315,1
2026-08-06 07:02:44,1,1,1,1,1,1,1,1,1,1,1,1,1,1,0,0,28.5494,27.641,1
2026-08-06 07:03:44,1,1,1,1,1,1,1,1,1,1,1,1,1,1,0,0,28.0806,28.8571,1
2026-08-06 07:04:44,1,1,1,1,1,1,1,1,1,1,1,1,1,1,0,0,27.9853,28.7985,1
2026-08-06 07:05:44,1,1,1,1,1,1,1,1,0,1,1,0,1,1,0,0,28.4982,27.6484,1
2026-08-06 07:06:44,1,1,1,1,1,1,1,1,1,1,1,1,1,1,0,0,28.6081,27.7363,1
2026-08-06 07:07:44,1,1,1,1,1,1,1,1,1,1,1,1,1,1,0,0,27.619,28.4469,1
2026-08-06 07:08:44,1,1,1,1,1,1,1,1,1,1,1,1,1,1,0,0,28.4322,27.5678,1
2026-08-06 07:09:44,1,1,1,1,1,1,1,1,1,1,1,1,1,1,0,0,27.5751,28.4103,1
2026-08-06 07:10:44,1,1,1,1,1,1,1,1,1,1,1,1,1,1,0,0,28.3443,27.4945,1
2026-08-06 07:11:44,1,1,1,1,1,1,1,1,1,1,1,1,1,1,0,0,27.9707,28.8352,1
2026-08-06 07:12:44,1,1,1,1,1,1,1,1,1,1,1,1,1,1,0,0,27.641,28.4835,1
2026-08-06 07:13:44,1,1,1,1,1,1,1,1,1,1,1,1,0,1,0,0,28.8791,28.022,1
2026-08-06 07:14:44,1,1,1,1,1,1,1,1,1,1,1,1,1,1,0,0,27.7729,28.6227,1
2026-08-06 07:15:44,0,0,0,0,0,0,0,0,0,0,0,0,0,0,0,0,0.2418,0.0073,0
2026-08-06 07:16:44,0,0,0,0,0,0,0,0,0,0,0,0,0,0,0,0,0.2344,0.0073,0
2026-08-06 07:17:44,0,0,0,0,0,0,0,0,0,0,0,0,0,0,0,0,0.2125,0.0147,0
2026-08-06 07:18:44,0,0,0,0,0,0,0,0,0,0,0,0,0,0,0,0,0.1978,0.0073,0
2026-08-06 07:19:44,0,0,0,0,0,0,0,0,0,0,0,0,0,0,0,0,0.2051,0.0073,0
2026-08-06 07:20:44,0,0,0,0,0,0,0,0,0,0,0,0,0,0,0,0,0.1978,0.0147,0
2026-08-06 07:21:44,0,0,0,0,0,0,0,0,0,0,0,0,0,0,0,0,0.2051,0.0147,0
2026-08-06 07:22:44,0,0,0,0,0,0,0,0,0,0,0,0,0,0,0,0,0.1905,0.0073,0
2026-08-06 07:23:44,0,0,0,0,0,0,0,0,0,0,0,0,0,0,0,0,0.1905,0.0147,0
2026-08-06 07:24:44,0,0,0,0,0,0,0,0,0,0,0,0,0,0,0,0,0.2271,0.0073,0
2026-08-06 07:25:44,0,0,0,0,0,0,0,0,0,0,0,0,0,0,0,0,0.2344,0.0147,0
2026-08-06 07:26:44,0,0,0,0,0,0,0,0,0,0,0,0,0,0,0,0,0.1832,0.0073,0
2026-08-06 07:27:44,0,0,0,0,0,0,0,0,0,0,0,0,0,0,0,0,0.2198,0.0147,0
2026-08-06 07:28:44,0,0,0,0,0,0,0,0,0,0,0,0,0,0,0,0,0.2271,0.0073,0
2026-08-06 07:29:44,0,0,0,0,0,0,0,0,0,0,0,0,0,0,0,0,0.1832,0.0147,0
2026-08-06 07:30:44,0,0,0,0,0,0,0,0,0,0,0,0,0,0,0,0,0.2637,0.0073,0
2026-08-06 07:31:44,1,1,1,1,1,1,1,1,1,1,1,1,1,1,0,0,27.9853,28.7912,1
2026-08-06 07:32:44,1,1,1,1,1,1,1,1,1,1,1,1,1,1,0,0,28.044,28.8059,1
2026-08-06 07:33:44,1,1,1,1,1,1,1,1,0,1,1,0,1,1,0,0,27.663,28.4982,1
2026-08-06 07:34:44,1,1,1,1,1,1,1,1,1,1,1,1,1,1,0,0,27.9267,28.7692,1
2026-08-06 07:35:44,1,1,1,1,1,1,1,1,1,1,1,1,1,1,0,0,28.359,27.5165,1
2026-08-06 07:36:44,1,1,1,1,1,1,1,1,1,1,1,1,1,1,0,0,28.4322,27.5824,1
2026-08-06 07:37:44,1,1,1,1,1,1,1,1,1,1,1,1,1,1,0,0,27.8315,28.2711,1
2026-08-06 07:38:44,1,1,1,1,1,1,1,1,1,1,1,1,1,1,0,0,28.8132,28.044,1
2026-08-06 07:39:44,1,1,1,1,1,1,1,1,1,1,1,1,1,1,0,0,28.0952,28.6813,1
2026-08-06 07:40:44,1,1,1,1,1,1,1,1,1,1,1,1,1,1,0,0,28.7033,27.8388,1
2026-08-06 07:41:44,1,1,1,1,1,1,1,1,1,1,1,1,1,1,0,0,27.9707,28.8425,1
2026-08-06 07:42:44,1,1,1,1,1,1,1,1,1,1,1,1,1,1,0,0,28.2198,27.6777,1
2026-08-06 07:43:44,1,1,1,1,1,1,1,1,1,1,1,1,1,1,0,0,28.8352,27.9634,1
2026-08-06 07:44:44,1,1,1,1,1,1,1,1,1,1,1,1,1,1,0,0,28.5275,27.663,1
2026-08-06 07:45:44,1,1,1,1,1,1,1,1,1,1,1,1,1,1,0,0,28.0293,28.8205,1
2026-08-06 07:46:44,1,1,1,1,1,1,1,1,1,1,1,1,1,1,0,0,28.7399,28.0879,1
2026-08-06 07:47:44,1,1,1,1,1,1,1,1,1,1,1,1,1,1,0,0,27.707,28.5421,1
2026-08-06 07:48:44,1,1,1,1,1,1,1,1,1,1,1,1,1,1,0,0,28.1612,28.6593,1
2026-08-06 07:49:44,1,1,1,1,1,1,1,1,1,1,1,1,1,1,0,0,27.8242,28.6813,1
2026-08-06 07:50:44,1,1,1,1,1,1,1,1,1,1,1,1,1,1,0,0,27.6337,28.5568,1
2026-08-06 07:51:44,1,1,1,1,1,1,1,1,1,1,1,1,0,1,0,0,28.8571,28.022,1
2026-08-06 07:52:44,1,1,1,1,1,1,1,1,1,0,1,1,1,1,0,0,28.2637,27.4579,1
2026-08-06 07:53:44,1,1,1,1,1,1,1,1,1,1,1,1,1,1,0,0,28.359,27.5018,1
2026-08-06 07:54:44,1,1,1,1,1,1,1,1,1,1,1,1,1,1,0,0,27.5751,28.4103,1
2026-08-06 07:55:44,1,1,1,1,1,1,1,1,1,1,1,1,1,1,0,0,28.6593,28.0952,1
2026-08-06 07:56:44,1,1,1,1,1,1,1,1,1,1,1,1,1,1,0,0,28.1905,28.5788,1
2026-08-06 07:57:44,1,1,1,1,1,1,1,1,0,1,1,0,1,1,0,0,28.5128,27.641,1
2026-08-06 07:58:44,1,1,1,1,1,1,1,1,1,1,1,1,1,1,0,0,28.2051,28.5421,1
2026-08-06 07:59:44,1,1,1,1,1,1,1,1,1,1,1,1,1,1,0,0,28.7619,27.9048,1
2026-08-06 08:00:44,1,1,1,1,1,1,1,1,1,1,1,1,1,1,0,0,27.5385,28.3663,1
2026-08-06 08:01:44,1,1,1,1,1,1,1,1,1,1,1,1,1,1,0,0,28.5568,28.1685,1
2026-08-06 08:02:44,1,1,1,1,1,1,1,1,1,1,1,1,1,1,0,0,28.315,27.685,1
2026-08-06 08:03:44,1,1,1,1,1,1,1,1,1,1,1,1,1,1,0,0,27.956,28.8791,1
2026-08-06 08:04:44,1,1,1,1,1,1,1,1,1,1,1,1,1,1,0,0,28.0659,28.8571,1
2026-08-06 08:05:44,1,1,1,1,1,1,1,1,1,1,1,1,1,1,0,0,27.9487,28.8205,1
2026-08-06 08:06:44,1,1,1,1,1,1,1,1,1,1,1,1,1,1,0,0,27.5678,28.4029,1
2026-08-06 08:07:44,1,1,1,1,1,1,1,1,1,1,1,1,0,1,0,0,28.0147,28.8864,1
2026-08-06 08:08:44,1,1,1,1,1,1,1,1,1,1,1,1,1,1,0,0,28.293,28.0366,1
2026-08-06 08:09:44,1,1,1,1,1,1,1,1,1,1,1,1,1,1,0,0,27.9341,28.8059,1
2026-08-06 08:10:44,1,1,1,1,1,1,1,1,1,1,1,1,1,1,0,0,28.1612,28.4615,1
2026-08-06 08:11:44,1,1,1,1,1,1,1,1,1,1,1,1,1,1,0,0,27.978,28.8425,1
2026-08-06 08:12:44,1,1,1,1,1,1,1,1,1,1,1,1,1,1,0,0,28.8645,27.9853,1
2026-08-06 08:13:44,1,1,1,1,1,1,1,1,1,1,1,1,1,1,0,0,28.7546,28.1026,1
2026-08-06 08:14:44,1,1,1,1,1,1,1,1,1,1,1,1,1,1,0,0,28.4908,27.6264,1
2026-08-06 08:15:44,1,1,1,1,1,1,1,1,1,1,1,1,1,1,0,0,28.7912,28.0879,1
2026-08-06 08:16:44,1,1,1,1,1,1,1,1,1,1,1,1,1,1,0,0,28.3077,28.2418,1
2026-08-06 08:17:44,0,0,0,0,0,0,0,0,0,0,0,0,0,0,0,0,0.1832,0.0073,0
2026-08-06 08:18:44,0,0,0,0,0,0,0,0,0,0,0,0,0,0,0,0,0.2198,0.0147,0
2026-08-06 08:19:44,0,0,0,0,0,0,0,0,0,0,0,0,0,0,0,0,0.2271,0.0147,0
2026-08-06 08:20:44,0,0,0,0,0,0,0,0,0,0,0,0,0,0,0,0,0.2418,0.0147,0
2026-08-06 08:21:44,0,0,0,0,0,0,0,0,0,0,0,0,0,0,0,0,0.1978,0.0147,0
2026-08-06 08:22:44,0,0,0,0,0,0,0,0,0,0,0,0,0,0,0,0,0.1978,0.0147,0
2026-08-06 08:23:44,0,0,0,0,0,0,0,0,0,0,0,0,0,0,0,0,0.2344,0.0147,0
2026-08-06 08:24:44,0,0,0,0,0,0,0,0,0,0,0,0,0,0,0,0,0.2198,0.0073,0
2026-08-06 08:25:44,0,0,0,0,0,0,0,0,0,0,0,0,0,0,0,0,0.2198,0.0073,0
2026-08-06 08:26:44,0,0,0,0,0,0,0,0,0,0,0,0,0,0,0,0,0.1685,0.0073,0
2026-08-06 08:27:44,0,0,0,0,0,0,0,0,0,0,0,0,0,0,0,0,0.2271,0.0147,0
2026-08-06 08:28:44,0,0,0,0,0,0,0,0,0,0,0,0,0,0,0,0,0.1905,0.0147,0
2026-08-06 08:29:44,0,0,0,0,0,0,0,0,0,0,0,0,0,0,0,0,0.2344,0.0073,0
2026-08-06 08:30:44,0,0,0,0,0,0,0,0,0,0,0,0,0,0,0,0,0.2198,0.0073,0
2026-08-06 08:31:44,0,0,0,0,0,0,0,0,0,0,0,0,0,0,0,0,0.2051,0.0073,0
2026-08-06 08:32:44,0,0,0,0,0,0,0,0,0,0,0,0,0,0,0,0,0.2271,0.0073,0
2026-08-06 08:33:44,1,1,1,1,1,1,1,1,1,1,1,1,1,1,0,0,27.8535,28.7106,1
2026-08-06 08:34:44,1,1,1,1,1,1,1,1,1,1,1,1,1,1,0,0,28.7985,27.956,1
2026-08-06 08:35:44,1,1,1,1,1,1,1,1,1,1,1,1,1,1,0,0,28.4176,27.5824,1
2026-08-06 08:36:44,1,1,1,1,1,1,1,1,1,1,1,1,1,1,0,0,27.5385,28.359,1
2026-08-06 08:37:44,1,1,1,1,1,1,1,1,1,1,1,1,1,1,0,0,28.0659,28.7912,1
2026-08-06 08:38:44,1,1,1,1,1,1,1,1,1,1,1,1,1,1,0,0,28.6886,27.8535,1
2026-08-06 08:39:44,1,1,1,1,1,1,1,1,1,1,1,1,1,1,0,0,28.7619,27.9048,1
2026-08-06 08:40:44,1,1,1,1,1,1,1,1,1,1,1,1,1,1,0,0,28.652,27.8022,1
2026-08-06 08:41:44,1,1,1,1,1,1,1,1,1,1,1,1,1,1,0,0,27.8681,28.7033,1
2026-08-06 08:42:44,1,1,1,1,1,1,1,1,1,1,1,1,1,1,0,0,27.7436,28.5861,1
2026-08-06 08:43:44,1,1,1,1,1,1,1,1,1,1,1,1,1,1,0,0,28.7546,28.0733,1
2026-08-06 08:44:44,1,1,1,1,1,1,1,1,1,1,1,1,1,1,0,0,28.337,27.4945,1
2026-08-06 08:45:44,1,1,1,1,1,1,1,1,1,1,1,1,1,1,0,0,28.0952,28.7766,1
2026-08-06 08:46:44,1,1,1,1,1,1,1,1,1,1,1,1,1,1,0,0,27.7289,28.5641,1
2026-08-06 08:47:44,1,1,1,1,1,1,1,1,1,0,1,1,1,1,0,0,28.3297,27.4652,1
2026-08-06 08:48:44,1,1,1,1,1,1,1,1,1,1,1,1,0,1,0,0,28.8718,28,1
2026-08-06 08:49:44,1,1,1,1,1,1,1,1,1,1,1,1,1,1,0,0,27.5238,28.3516,1
2026-08-06 08:50:44,1,1,1,1,1,1,1,1,1,1,1,1,1,1,0,0,28.5641,27.7509,1
2026-08-06 08:51:44,1,1,1,1,1,1,1,1,1,1,1,1,1,1,0,0,28.4542,27.6044,1
2026-08-06 08:52:44,1,1,1,1,1,1,1,1,1,1,1,1,1,1,0,0,28.5568,28.1612,1
2026-08-06 08:53:44,1,1,1,1,1,1,1,1,1,1,1,1,1,1,0,0,28.044,28.8718,1
2026-08-06 08:54:44,1,1,1,1,1,1,1,1,1,1,1,1,0,1,0,0,28.0073,28.8791,1
2026-08-06 08:55:44,1,1,1,1,1,1,1,1,1,1,1,1,1,1,0,0,28.5934,28.1612,1
2026-08-06 08:56:44,1,1,1,1,1,1,1,1,1,1,1,1,1,1,0,0,28.2857,27.4432,1
2026-08-06 08:57:44,1,1,1,1,1,1,1,1,1,1,1,1,1,1,0,0,28.8278,27.9634,1
2026-08-06 08:58:44,1,1,1,1,1,1,1,1,0,1,1,0,1,1,0,0,28.5201,27.663,1
2026-08-06 08:59:44,1,1,1,1,1,1,1,1,1,1,1,1,1,1,0,0,27.7436,28.5934,1
2026-08-06 09:00:44,1,1,1,1,1,1,1,1,1,1,1,1,1,1,0,0,28.4689,28.0806,1
2026-08-06 09:01:44,1,1,1,1,1,1,1,1,0,1,1,0,1,1,0,0,28.5055,27.641,1
2026-08-06 09:02:44,1,1,1,1,1,1,1,1,1,1,1,1,1,1,0,0,28.1099,28.7766,1
2026-08-06 09:03:44,1,1,1,1,1,1,1,1,1,1,1,1,1,1,0,0,28.2344,28.3736,1
2026-08-06 09:04:44,1,1,1,1,1,1,1,1,1,1,1,1,1,1,0,0,27.619,28.4469,1
2026-08-06 09:05:44,1,1,1,1,1,1,1,1,1,1,1,1,1,1,0,0,27.6996,28.5568,1
2026-08-06 09:06:44,1,1,1,1,1,1,1,1,0,1,1,1,1,1,0,0,27.6777,28.4908,1
2026-08-06 09:07:44,1,1,1,1,1,1,1,1,1,1,1,1,1,1,0,0,28.2564,28.2564,1
2026-08-06 09:08:44,1,1,1,1,1,1,1,1,1,1,1,1,1,1,0,0,28.3663,27.5165,1
2026-08-06 09:09:44,1,1,1,1,1,1,1,1,1,1,1,1,1,1,0,0,28.7473,27.9927,1
2026-08-06 09:10:44,1,1,1,1,1,1,1,1,1,1,1,1,1,1,0,0,28.5861,27.6703,1
2026-08-06 09:11:44,1,1,1,1,1,1,1,1,1,1,1,1,1,1,0,0,28.315,27.4725,1
2026-08-06 09:12:44,1,1,1,1,1,1,1,1,1,1,0,1,1,0,0,0,28.696,27.8242,1
2026-08-06 09:13:44,1,1,1,1,1,1,1,1,1,1,1,1,1,1,0,0,28.7985,27.8828,1
2026-08-06 09:14:44,1,1,1,1,1,1,1,1,1,1,1,1,1,1,0,0,27.5311,28.3663,1
2026-08-06 09:15:44,1,1,1,1,1,1,1,1,1,1,1,1,1,1,0,0,28.6007,27.7289,1
2026-08-06 09:16:44,1,1,1,1,1,1,1,1,1,1,1,1,1,1,0,0,28.4542,27.5897,1
2026-08-06 09:17:44,1,1,1,1,1,1,1,1,1,1,1,1,1,1,0,0,28.0366,28.2711,1
2026-08-06 09:18:44,1,1,1,1,1,1,1,1,1,1,1,1,1,1,0,0,27.7436,28.5861,1
2026-08-06 09:19:44,0,0,0,0,0,0,0,0,0,0,0,0,0,0,0,0,0.1978,0.0073,0
2026-08-06 09:20:44,0,0,0,0,0,0,0,0,0,0,0,0,0,0,0,0,0.2418,0.0147,0
2026-08-06 09:21:44,0,0,0,0,0,0,0,0,0,0,0,0,0,0,0,0,0.1905,0.0073,0
2026-08-06 09:22:44,0,0,0,0,0,0,0,0,0,0,0,0,0,0,0,0,0.2271,0.0073,0
2026-08-06 09:23:44,0,0,0,0,0,0,0,0,0,0,0,0,0,0,0,0,0.2051,0.0073,0
2026-08-06 09:24:44,0,0,0,0,0,0,0,0,0,0,0,0,0,0,0,0,0.1905,0.0073,0
2026-08-06 09:25:44,0,0,0,0,0,0,0,0,0,0,0,0,0,0,0,0,0.2418,0.0073,0
2026-08-06 09:26:44,0,0,0,0,0,0,0,0,0,0,0,0,0,0,0,0,0.1832,0.0073,0
2026-08-06 09:27:44,0,0,0,0,0,0,0,0,0,0,0,0,0,0,0,0,0.2051,0.0147,0
2026-08-06 09:28:44,0,0,0,0,0,0,0,0,0,0,0,0,0,0,0,0,0.2198,0.0073,0
2026-08-06 09:29:44,0,0,0,0,0,0,0,0,0,0,0,0,0,0,0,0,0.2051,0.0147,0
2026-08-06 09:30:44,0,0,0,0,0,0,0,0,0,0,0,0,0,0,0,0,0.2271,0.0147,0
2026-08-06 09:31:44,0,0,0,0,0,0,0,0,0,0,0,0,0,0,0,0,0.1758,0.0073,0
2026-08-06 09:32:44,0,0,0,0,0,0,0,0,0,0,0,0,0,0,0,0,0.2125,0.0073,0
2026-08-06 09:33:44,0,0,0,0,0,0,0,0,0,0,0,0,0,0,0,0,0.2198,0.0147,0
2026-08-06 09:34:44,0,0,0,0,0,0,0,0,0,0,0,0,0,0,0,0,0.2051,0.0147,0
2026-08-06 09:35:44,1,1,1,1,1,1,1,1,1,1,0,1,1,1,0,0,28.674,27.8462,1
2026-08-06 09:36:44,1,1,1,1,1,1,1,1,1,1,1,1,1,1,0,0,28.4249,27.5751,1
2026-08-06 09:37:44,1,1,1,1,1,1,1,1,1,1,0,1,1,0,0,0,27.8315,28.6667,1
2026-08-06 09:38:44,1,1,1,1,1,1,1,1,1,1,1,1,0,1,0,0,28.0147,28.8645,1
2026-08-06 09:39:44,1,1,1,1,1,1,1,1,1,0,1,1,1,1,0,0,28.2418,27.4066,1
2026-08-06 09:40:44,1,1,1,1,1,1,1,1,1,1,1,1,1,1,0,0,28.5788,27.6703,1
2026-08-06 09:41:44,1,1,1,1,1,1,1,1,1,1,1,1,1,1,0,0,28.4322,27.5751,1
2026-08-06 09:42:44,1,1,1,1,1,1,1,1,1,1,1,1,1,1,0,0,27.5604,28.3956,1
2026-08-06 09:43:44,1,1,1,1,1,1,1,1,1,1,1,1,1,1,0,0,28.7839,27.9121,1
2026-08-06 09:44:44,1,1,1,1,1,1,1,1,1,1,1,1,1,1,0,0,27.5092,28.337,1
2026-08-06 09:45:44,1,1,1,1,1,1,1,1,1,1,1,1,1,1,0,0,27.8095,28.6593,1
2026-08-06 09:46:44,1,1,1,1,1,1,1,1,1,1,1,1,1,1,0,0,28.0659,28.8278,1
2026-08-06 09:47:44,1,1,1,1,0,1,1,1,1,1,1,1,1,1,0,0,28.1172,28.7326,1
2026-08-06 09:48:44,1,1,1,1,1,1,1,1,1,1,1,1,1,1,0,0,27.6777,28.5128,1
2026-08-06 09:49:44,1,1,1,1,1,1,1,1,1,1,1,1,1,1,0,0,28.1758,28.5714,1
2026-08-06 09:50:44,1,1,1,1,1,1,1,1,1,1,1,1,1,1,0,0,28.8571,27.978,1
2026-08-06 09:51:44,1,1,1,1,1,1,1,1,1,1,1,1,1,1,0,0,28.7692,28.0659,1
2026-08-06 09:52:44,1,1,1,1,1,1,1,1,1,1,1,1,1,1,0,0,27.7216,28.6081,1
2026-08-06 09:53:44,1,1,1,1,1,1,1,1,1,1,1,1,1,1,0,0,28.3736,28.2051,1
2026-08-06 09:54:44,1,1,1,1,1,1,1,1,1,1,1,1,1,1,0,0,28.8645,27.9853,1
2026-08-06 09:55:44,1,1,1,1,1,1,1,1,1,1,1,1,0,1,0,0,27.9853,28.8352,1
2026-08-06 09:56:44,1,1,1,1,1,1,1,1,1,0,1,1,1,1,0,0,27.4799,28.3223,1
2026-08-06 09:57:44,1,1,1,1,1,1,1,1,1,1,1,1,1,1,0,0,27.6923,28.5275,1
2026-08-06 09:58:44,1,1,1,1,1,1,1,1,1,1,1,1,1,1,0,0,27.7729,28.6154,1
2026-08-06 09:59:44,1,1,1,1,1,1,1,1,1,1,1,1,1,1,0,0,27.5604,28.381,1
2026-08-06 10:00:44,1,1,1,1,1,1,1,1,1,0,1,1,1,1,0,0,27.3993,28.3077,1
2026-08-06 10:01:44,1,1,1,1,1,1,1,1,1,1,1,1,1,1,0,0,27.9267,28.7985,1
2026-08-06 10:02:44,1,1,1,1,1,1,1,1,1,1,1,1,1,1,0,0,28.4908,27.6117,1
2026-08-06 10:03:44,1,1,1,1,1,1,1,1,1,1,1,1,1,1,0,0,28.7546,27.8755,1
2026-08-06 10:04:44,1,1,1,1,1,1,1,1,1,1,1,1,1,1,0,0,28.1612,28.6593,1
2026-08-06 10:05:44,1,1,1,1,1,1,1,1,1,1,1,1,0,1,0,0,28.8498,28,1
2026-08-06 10:06:44,1,1,1,1,1,1,1,1,1,1,1,1,1,1,0,0,28.4762,28.1685,1
2026-08-06 10:07:44,1,1,1,1,1,1,1,1,1,1,1,1,1,1,0,0,28.1099,28.7985,1
2026-08-06 10:08:44,1,1,1,1,1,1,1,1,1,1,1,1,1,1,0,0,28.3663,27.5165,1
2026-08-06 10:09:44,1,1,1,1,1,1,1,1,1,1,0,1,1,0,0,0,28.674,27.8168,1
2026-08-06 10:10:44,1,1,1,1,1,1,1,1,1,1,1,1,1,1,0,0,27.7436,28.6081,1
2026-08-06 10:11:44,1,1,1,1,1,1,1,1,1,1,1,1,1,1,0,0,27.6484,28.4908,1
2026-08-06 10:12:44,1,1,1,1,1,1,1,1,1,1,1,1,1,1,0,0,27.7729,28.6227,1
2026-08-06 10:13:44,1,1,1,1,1,1,1,1,1,1,1,1,1,1,0,0,28.4542,28.1978,1
2026-08-06 10:14:44,1,1,1,1,1,1,1,1,1,1,1,1,1,1,0,0,28.7253,27.8608,1
2026-08-06 10:15:44,1,1,1,1,1,1,1,1,1,1,1,1,1,1,0,0,28.1245,28.7619,1
2026-08-06 10:16:44,1,1,1,1,1,1,1,1,1,1,1,1,1,1,0,0,28.6154,27.6996,1
2026-08-06 10:17:44,1,1,1,1,1,1,1,1,1,1,1,1,1,1,0,0,27.4725,28.3516,1
2026-08-06 10:18:44,1,1,1,1,1,1,1,1,1,1,1,1,1,1,0,0,28.8352,27.978,1
2026-08-06 10:19:44,1,1,1,1,1,1,1,1,0,1,1,0,1,1,0,0,27.6484,28.4615,1
2026-08-06 10:20:44,1,1,1,1,1,1,1,1,1,1,0,1,1,0,0,0,28.7179,27.8462,1
2026-08-06 10:21:44,0,0,0,0,0,0,0,0,0,0,0,0,0,0,0,0,0.2271,0.0147,0
2026-08-06 10:22:44,0,0,0,0,0,0,0,0,0,0,0,0,0,0,0,0,0.2344,0.0147,0
2026-08-06 10:23:44,0,0,0,0,0,0,0,0,0,0,0,0,0,0,0,0,0.2051,0.0147,0
2026-08-06 10:24:44,0,0,0,0,0,0,0,0,0,0,0,0,0,0,0,0,0.1905,0.0073,0
2026-08-06 10:25:44,0,0,0,0,0,0,0,0,0,0,0,0,0,0,0,0,0.2125,0.0147,0
2026-08-06 10:26:44,0,0,0,0,0,0,0,0,0,0,0,0,0,0,0,0,0.1978,0.0073,0
2026-08-06 10:27:44,0,0,0,0,0,0,0,0,0,0,0,0,0,0,0,0,0.1832,0.0073,0
2026-08-06 10:28:44,0,0,0,0,0,0,0,0,0,0,0,0,0,0,0,0,0.2125,0.0073,0
2026-08-06 10:29:44,0,0,0,0,0,0,0,0,0,0,0,0,0,0,0,0,0.1978,0.0147,0
2026-08-06 10:30:44,0,0,0,0,0,0,0,0,0,0,0,0,0,0,0,0,0.1978,0.0073,0
2026-08-06 10:31:44,0,0,0,0,0,0,0,0,0,0,0,0,0,0,0,0,0.1832,0.0073,0
2026-08-06 10:32:44,0,0,0,0,0,0,0,0,0,0,0,0,0,0,0,0,0.2125,0.0073,0
2026-08-06 10:33:44,0,0,0,0,0,0,0,0,0,0,0,0,0,0,0,0,0.2198,0.0147,0
2026-08-06 10:34:44,0,0,0,0,0,0,0,0,0,0,0,0,0,0,0,0,0.1905,0.0147,0
2026-08-06 10:35:44,0,0,0,0,0,0,0,0,0,0,0,0,0,0,0,0,0.2051,0.0147,0
2026-08-06 10:36:44,0,0,0,0,0,0,0,0,0,0,0,0,0,0,0,0,0.2198,0.0073,0
2026-08-06 10:37:44,1,1,1,1,1,1,1,1,1,1,1,1,1,1,0,0,28.7179,28.1026,1
2026-08-06 10:38:44,1,1,1,1,1,1,1,1,1,1,1,1,1,1,0,0,27.5897,28.4029,1
2026-08-06 10:39:44,1,1,1,1,1,1,1,1,1,1,1,1,1,1,0,0,28.8132,28.0147,1
2026-08-06 10:40:44,1,1,1,1,1,1,1,1,1,1,1,1,1,1,0,0,28.337,27.4945,1
2026-08-06 10:41:44,1,1,1,1,1,1,1,1,1,1,1,1,1,1,0,0,27.9707,28.7985,1
2026-08-06 10:42:44,1,1,1,1,1,1,1,1,1,1,1,1,1,1,0,0,28.1319,28.6886,1
2026-08-06 10:43:44,1,1,1,1,1,1,1,1,1,1,1,1,1,1,0,0,28.0586,28.8352,1
2026-08-06 10:44:44,1,1,1,1,1,1,1,1,1,1,1,1,1,1,0,0,28.2418,28.2784,1
2026-08-06 10:45:44,1,1,1,1,1,1,1,1,1,1,1,1,1,1,0,0,28.8645,28,1
2026-08-06 10:46:44,1,1,1,1,1,1,1,1,1,1,1,1,1,1,0,0,28.8352,27.956,1
2026-08-06 10:47:44,1,1,1,1,1,1,1,1,1,1,0,1,1,0,0,0,27.8388,28.674,1
2026-08-06 10:48:44,1,1,1,1,1,1,1,1,0,1,1,1,1,1,0,0,28.4982,27.5824,1
2026-08-06 10:49:44,1,1,1,1,1,1,1,1,1,1,1,1,1,1,0,0,28.4982,28.1172,1
2026-08-06 10:50:44,1,1,1,1,1,1,1,1,1,1,1,1,1,1,0,0,27.707,28.5641,1
2026-08-06 10:51:44,1,1,1,1,1,1,1,1,1,1,1,1,1,1,0,0,28.8425,27.978,1
2026-08-06 10:52:44,1,1,1,1,1,1,1,1,1,1,1,1,1,1,0,0,28.8352,27.9634,1
2026-08-06 10:53:44,1,1,1,1,1,1,1,1,1,1,1,1,1,1,0,0,27.4506,28.2491,1
2026-08-06 10:54:44,1,1,1,1,1,1,1,1,1,1,1,1,1,1,0,0,27.8168,28.6667,1
2026-08-06 10:55:44,1,1,1,1,1,1,1,1,1,1,1,1,1,1,0,0,28.7619,27.9048,1
2026-08-06 10:56:44,1,1,1,1,1,1,1,1,1,1,1,1,1,1,0,0,28.7692,27.8974,1
2026-08-06 10:57:44,1,1,1,1,1,1,1,1,1,1,1,1,1,1,0,0,27.8974,28.7473,1
2026-08-06 10:58:44,1,1,1,1,1,1,1,1,1,0,1,1,1,1,0,0,27.6264,28.3004,1
2026-08-06 10:59:44,1,1,1,1,1,1,1,1,1,1,1,1,1,1,0,0,28.7106,27.8608,1
2026-08-06 11:00:44,1,1,1,1,1,1,1,1,1,1,1,1,1,1,0,0,28.7033,28.1245,1
2026-08-06 11:01:44,1,1,1,1,1,1,1,1,1,1,1,1,1,1,0,0,27.5385,28.381,1
2026-08-06 11:02:44,1,1,1,1,1,1,1,1,1,1,1,1,1,1,0,0,28.7253,27.8608,1
2026-08-06 11:03:44,1,1,1,1,1,1,1,1,1,1,1,1,1,1,0,0,28.4542,27.5971,1
2026-08-06 11:04:44,1,1,1,1,1,1,1,1,1,1,1,1,1,1,0,0,27.9414,28.8059,1
2026-08-06 11:05:44,1,1,1,1,1,1,1,1,1,1,1,1,1,1,0,0,28.3443,27.4872,1
2026-08-06 11:06:44,1,1,1,1,1,1,1,1,1,1,1,1,1,1,0,0,28.6667,27.8095,1
2026-08-06 11:07:44,1,1,1,1,1,1,1,1,1,1,1,1,1,1,0,0,28.6667,27.7289,1
2026-08-06 11:08:44,1,1,1,1,1,1,1,1,1,1,1,1,1,1,0,0,28.4982,28.2051,1
2026-08-06 11:09:44,1,1,1,1,1,1,1,1,1,1,1,1,1,1,0,0,28.2198,28.2418,1
2026-08-06 11:10:44,1,1,1,1,1,1,1,1,1,1,1,1,1,1,0,0,28.1538,28.7179,1
2026-08-06 11:11:44,1,1,1,1,1,1,1,1,1,1,0,1,1,0,0,0,28.7179,27.8388,1
2026-08-06 11:12:44,1,1,1,1,1,1,1,1,1,1,1,1,1,1,0,0,27.685,28.5348,1
2026-08-06 11:13:44,1,1,1,1,1,1,1,1,1,1,1,1,1,1,0,0,27.978,28.8352,1
2026-08-06 11:14:44,1,1,1,1,1,1,1,1,1,1,1,1,1,1,0,0,27.5604,28.381,1
2026-08-06 11:15:44,1,1,1,1,1,1,1,1,1,1,1,1,1,1,0,0,27.6557,28.4982,1
2026-08-06 11:16:44,1,1,1,1,1,1,1,1,1,1,1,1,1,1,0,0,27.8095,28.652,1
2026-08-06 11:17:44,1,1,1,1,1,1,1,1,1,1,1,1,1,1,0,0,28.5055,27.6337,1
2026-08-06 11:18:44,1,1,1,1,1,1,1,1,1,1,1,1,1,1,0,0,28.0659,28.2564,1
2026-08-06 11:19:44,1,1,1,1,1,1,1,1,1,1,0,1,1,1,0,0,28.6813,27.8242,1
2026-08-06 11:20:44,1,1,1,1,1,1,1,1,1,1,1,1,1,1,0,0,28.0806,28.8718,1
2026-08-06 11:21:44,1,1,1,1,1,1,1,1,1,1,1,1,1,1,0,0,27.6557,28.5055,1
2026-08-06 11:22:44,1,1,1,1,1,1,1,1,1,1,1,1,0,1,0,0,27.9853,28.8791,1
2026-08-06 11:23:44,0,0,0,0,0,0,0,0,0,0,0,0,0,0,0,0,0.1978,0.0147,0
2026-08-06 11:24:44,0,0,0,0,0,0,0,0,0,0,0,0,0,0,0,0,0.2198,0.0073,0
2026-08-06 11:25:44,0,0,0,0,0,0,0,0,0,0,0,0,0,0,0,0,0.1758,0.0147,0
2026-08-06 11:26:44,0,0,0,0,0,0,0,0,0,0,0,0,0,0,0,0,0.2051,0.0073,0
2026-08-06 11:27:44,0,0,0,0,0,0,0,0,0,0,0,0,0,0,0,0,0.2271,0.0147,0
2026-08-06 11:28:44,0,0,0,0,0,0,0,0,0,0,0,0,0,0,0,0,0.2344,0.0073,0
2026-08-06 11:29:44,0,0,0,0,0,0,0,0,0,0,0,0,0,0,0,0,0.2344,0.0073,0
2026-08-06 11:30:44,0,0,0,0,0,0,0,0,0,0,0,0,0,0,0,0,0.2125,0.0073,0
2026-08-06 11:31:44,0,0,0,0,0,0,0,0,0,0,0,0,0,0,0,0,0.1905,0.0073,0
2026-08-06 11:32:44,0,0,0,0,0,0,0,0,0,0,0,0,0,0,0,0,0.2271,0.0147,0
2026-08-06 11:33:44,0,0,0,0,0,0,0,0,0,0,0,0,0,0,0,0,0.2564,0.0073,0
2026-08-06 11:34:44,0,0,0,0,0,0,0,0,0,0,0,0,0,0,0,0,0.2198,0.0073,0
2026-08-06 11:35:44,0,0,0,0,0,0,0,0,0,0,0,0,0,0,0,0,0.1905,0.0073,0
2026-08-06 11:36:44,0,0,0,0,0,0,0,0,0,0,0,0,0,0,0,0,0.1832,0.0147,0
2026-08-06 11:37:44,0,0,0,0,0,0,0,0,0,0,0,0,0,0,0,0,0.1978,0.0147,0
2026-08-06 11:38:44,0,0,0,0,0,0,0,0,0,0,0,0,0,0,0,0,0.1978,0.0147,0
2026-08-06 11:39:44,1,1,1,1,1,1,1,1,1,1,1,1,1,1,0,0,27.5824,28.381,1
2026-08-06 11:40:44,1,1,1,1,1,1,1,1,1,1,1,1,1,1,0,0,28.7839,27.9267,1
2026-08-06 11:41:44,1,1,1,1,1,1,1,1,1,1,1,1,1,1,0,0,28.5934,27.7436,1
2026-08-06 11:42:44,1,1,1,1,1,1,1,1,1,1,1,1,1,1,0,0,28.0513,28.7399,1
2026-08-06 11:43:44,1,1,1,1,1,1,1,1,1,1,1,1,1,1,0,0,28.4249,28.2198,1
2026-08-06 11:44:44,1,1,1,1,1,1,1,1,0,1,1,0,1,1,0,0,28.4762,27.619,1
2026-08-06 11:45:44,1,1,1,1,1,1,1,1,1,1,1,1,1,1,0,0,28.5788,27.7216,1
2026-08-06 11:46:44,1,1,1,1,1,1,1,1,1,1,1,1,1,1,0,0,28.4103,28.2198,1
2026-08-06 11:47:44,1,1,1,1,1,1,1,1,1,1,1,1,1,1,0,0,28.7619,27.956,1
2026-08-06 11:48:44,1,1,1,1,1,1,1,1,1,1,1,1,0,1,0,0,28.8864,28.022,1
2026-08-06 11:49:44,1,1,1,1,1,1,1,1,1,1,1,1,1,1,0,0,28.0879,28.2344,1
2026-08-06 11:50:44,1,1,1,1,1,1,1,1,1,1,1,1,1,1,0,0,28.6081,28.1245,1
2026-08-06 11:51:44,1,1,1,1,1,1,1,1,1,1,1,1,1,1,0,0,28.6447,28.1172,1
2026-08-06 11:52:44,1,1,1,1,1,1,1,1,1,1,1,1,1,1,0,0,28.3956,27.5604,1
2026-08-06 11:53:44,1,1,1,1,1,1,1,1,1,1,1,1,1,1,0,0,28.8132,27.9487,1
2026-08-06 11:54:44,1,1,1,1,1,1,1,1,1,1,1,1,1,1,0,0,27.7436,28.5934,1
2026-08-06 11:55:44,1,1,1,1,1,1,1,1,1,1,1,1,1,1,0,0,28.315,28.1832,1
2026-08-06 11:56:44,1,1,1,1,1,1,1,1,1,1,1,1,1,0,0,0,28.7106,27.8168,1
2026-08-06 11:57:44,1,1,1,1,1,1,1,1,1,1,1,1,1,1,0,0,28.1245,28.8938,1
2026-08-06 11:58:44,1,1,1,1,0,1,1,1,1,1,1,1,1,1,0,0,28.7326,28.1832,1
2026-08-06 11:59:44,1,1,1,1,0,1,1,1,1,1,1,1,1,1,0,0,28.1978,28.7839,1
2026-08-06 12:00:44,1,1,1,1,1,1,1,1,1,1,1,1,1,1,0,0,28.8425,27.9853,1
2026-08-06 12:01:44,1,1,1,1,1,1,1,1,1,1,1,1,1,1,0,0,28.2418,28.6813,1
2026-08-06 12:02:44,1,1,1,1,1,1,1,1,1,1,1,1,1,1,0,0,27.6337,28.5055,1
2026-08-06 12:03:44,1,1,1,1,1,1,1,1,1,1,1,1,1,1,0,0,28.3883,28.2491,1
2026-08-06 12:04:44,1,1,1,1,1,1,1,1,1,1,1,1,1,1,0,0,28.3443,28.2491,1
2026-08-06 12:05:44,1,1,1,1,1,1,1,1,1,1,1,1,1,1,0,0,27.6777,28.6007,1
2026-08-06 12:06:44,1,1,1,1,1,1,1,1,1,1,1,1,1,1,0,0,27.8608,28.7033,1
2026-08-06 12:07:44,1,1,1,1,1,1,1,1,1,1,1,1,1,1,0,0,27.6117,28.4176,1
2026-08-06 12:08:44,1,1,1,1,1,1,1,1,1,1,1,1,1,1,0,0,27.8168,28.63,1
2026-08-06 12:09:44,1,1,1,1,1,1,1,1,1,1,1,1,1,1,0,0,28.7839,28.2125,1
2026-08-06 12:10:44,1,1,1,1,1,1,1,1,1,1,1,1,1,1,0,0,28.9011,28.044,1
2026-08-06 12:11:44,1,1,1,1,1,1,1,1,1,1,1,1,0,1,0,0,28.8791,28.0806,1
2026-08-06 12:12:44,1,1,1,1,1,1,1,1,1,1,1,1,1,1,0,0,28.4908,27.6337,1
2026-08-06 12:13:44,1,1,1,1,1,1,1,1,1,1,1,1,1,1,0,0,28.4396,27.5971,1
2026-08-06 12:14:44,1,1,1,1,1,1,1,1,1,1,1,1,1,1,0,0,28.7179,28.1538,1
2026-08-06 12:15:44,1,1,1,1,1,1,1,1,1,1,1,1,1,1,0,0,28.6813,28.2637,1
2026-08-06 12:16:44,1,1,1,1,1,1,1,1,1,1,1,1,1,1,0,0,28.4469,27.6044,1
2026-08-06 12:17:44,1,1,1,1,1,1,1,1,1,1,1,1,1,1,0,0,28.7473,27.8755,1
2026-08-06 12:18:44,1,1,1,1,1,1,1,1,1,1,1,1,1,1,0,0,27.6703,28.5055,1
2026-08-06 12:19:44,1,1,1,1,1,1,1,1,1,1,1,1,1,1,0,0,28.8498,28.1905,1
2026-08-06 12:20:44,1,1,1,1,1,1,1,1,1,1,1,1,0,1,0,0,28.1245,29.0037,1
2026-08-06 12:21:44,1,1,1,1,1,1,1,1,1,1,1,1,1,1,0,0,28.4689,27.6117,1
2026-08-06 12:22:44,1,1,1,1,1,1,1,1,1,1,1,1,1,1,0,0,28.2564,28.3663,1
2026-08-06 12:23:44,1,1,1,1,1,1,1,1,1,1,1,1,1,1,0,0,28.2491,28.8938,1
2026-08-06 12:24:44,1,1,1,1,1,1,1,1,1,1,1,1,1,1,0,0,27.7143,28.5568,1
2026-08-06 12:25:44,0,0,0,0,0,0,0,0,0,0,0,0,0,0,0,0,0.2125,0.0073,0
2026-08-06 12:26:44,0,0,0,0,0,0,0,0,0,0,0,0,0,0,0,0,0.1758,0.0147,0
2026-08-06 12:27:44,0,0,0,0,0,0,0,0,0,0,0,0,0,0,0,0,0.1832,0.0073,0
2026-08-06 12:28:44,0,0,0,0,0,0,0,0,0,0,0,0,0,0,0,0,0.1978,0.0147,0
2026-08-06 12:29:44,0,0,0,0,0,0,0,0,0,0,0,0,0,0,0,0,0.2051,0.0147,0
2026-08-06 12:30:44,0,0,0,0,0,0,0,0,0,0,0,0,0,0,0,0,0.1832,0.0147,0
2026-08-06 12:31:44,0,0,0,0,0,0,0,0,0,0,0,0,0,0,0,0,0.2051,0.0147,0
2026-08-06 12:32:44,0,0,0,0,0,0,0,0,0,0,0,0,0,0,0,0,0.1978,0.0073,0
2026-08-06 12:33:44,0,0,0,0,0,0,0,0,0,0,0,0,0,0,0,0,0.2418,0.0147,0
2026-08-06 12:34:44,0,0,0,0,0,0,0,0,0,0,0,0,0,0,0,0,0.2564,0.0073,0
2026-08-06 12:35:44,0,0,0,0,0,0,0,0,0,0,0,0,0,0,0,0,0.1905,0.0073,0
2026-08-06 12:36:44,0,0,0,0,0,0,0,0,0,0,0,0,0,0,0,0,0.2271,0.0073,0
2026-08-06 12:37:44,0,0,0,0,0,0,0,0,0,0,0,0,0,0,0,0,0.2637,0.0147,0
2026-08-06 12:38:44,0,0,0,0,0,0,0,0,0,0,0,0,0,0,0,0,0.2051,0.0147,0
2026-08-06 12:39:44,0,0,0,0,0,0,0,0,0,0,0,0,0,0,0,0,0.2051,0.0147,0
2026-08-06 12:40:44,0,0,0,0,0,0,0,0,0,0,0,0,0,0,0,0,0.2198,0.0073,0
2026-08-06 12:41:44,1,1,1,1,1,1,1,1,1,1,1,1,1,1,0,0,28.6447,28.3223,1
2026-08-06 12:42:44,1,1,1,1,1,1,1,1,1,1,1,1,0,1,0,0,28.1538,29.0183,1
2026-08-06 12:43:44,1,1,1,1,1,1,1,1,1,1,1,1,1,1,0,0,28.696,27.8388,1
2026-08-06 12:44:44,1,1,1,1,1,1,1,1,1,1,1,1,1,1,0,0,28.2125,28.9597,1
2026-08-06 12:45:44,1,1,1,1,1,1,1,1,1,1,1,1,1,1,0,0,28.674,27.8168,1
2026-08-06 12:46:44,1,1,1,1,1,1,1,1,1,1,0,1,1,0,0,0,27.9194,28.7473,1
2026-08-06 12:47:44,1,1,1,1,1,1,1,1,1,1,1,1,1,1,0,0,28.7033,27.8535,1
2026-08-06 12:48:44,1,1,1,1,1,1,1,1,1,1,1,1,0,1,0,0,29.0183,28.1465,1
2026-08-06 12:49:44,1,1,1,1,1,1,1,1,1,1,1,1,1,1,0,0,28.6154,27.7582,1
2026-08-06 12:50:44,1,1,1,1,1,1,1,1,1,1,1,1,1,1,0,0,28.4615,28.1172,1
2026-08-06 12:51:44,1,1,1,1,1,1,1,1,1,1,1,1,1,1,0,0,28.044,28.9231,1
2026-08-06 12:52:44,1,1,1,1,1,1,1,1,1,1,1,1,1,1,0,0,27.8535,28.7692,1
2026-08-06 12:53:44,1,1,1,1,1,1,1,1,1,1,1,1,1,1,0,0,28.3736,28.4396,1
2026-08-06 12:54:44,1,1,1,1,1,1,1,1,1,1,1,1,1,1,0,0,28.7619,27.8974,1
2026-08-06 12:55:44,1,1,1,1,1,1,1,1,1,1,1,1,1,1,0,0,27.9707,28.8278,1
2026-08-06 12:56:44,1,1,1,1,1,1,1,1,1,1,1,1,1,1,0,0,28.8718,28.2711,1
2026-08-06 12:57:44,1,1,1,1,1,1,1,1,1,1,1,1,1,1,0,0,28.9304,28.0806,1
2026-08-06 12:58:44,1,1,1,1,1,1,1,1,1,1,1,1,1,1,0,0,28.3297,28.8352,1
2026-08-06 12:59:44,1,1,1,1,1,1,1,1,1,1,1,1,0,1,0,0,28.1612,29.033,1
2026-08-06 13:00:44,1,1,1,1,1,1,1,1,1,1,1,1,1,1,0,0,28.3736,27.8462,1
2026-08-06 13:01:44,1,1,1,1,1,1,1,1,1,1,1,1,1,1,0,0,27.8828,28.7179,1
2026-08-06 13:02:44,1,1,1,1,1,1,1,1,1,1,1,1,1,1,0,0,27.8828,28.7326,1
2026-08-06 13:03:44,1,1,1,1,1,1,1,1,1,1,1,1,1,1,0,0,28.0952,28.967,1
2026-08-06 13:04:44,1,1,1,1,1,1,1,1,1,1,1,1,1,1,0,0,28.9524,28.0879,1
2026-08-06 13:05:44,1,1,1,1,1,1,1,1,1,1,1,1,1,1,0,0,28.6886,28.3077,1
2026-08-06 13:06:44,1,1,1,1,1,1,1,1,1,1,0,1,1,0,0,0,28.8498,28.0147,1
2026-08-06 13:07:44,1,1,1,1,1,1,1,1,1,1,1,1,1,1,0,0,27.7216,28.5641,1
2026-08-06 13:08:44,1,1,1,1,1,1,1,1,1,1,1,1,1,1,0,0,28.4762,28.3956,1
2026-08-06 13:09:44,1,1,1,1,1,1,1,1,1,1,1,1,1,1,0,0,28.7692,27.8828,1
2026-08-06 13:10:44,1,1,1,1,1,1,1,1,1,1,1,1,1,1,0,0,28.2271,29.0549,1
2026-08-06 13:11:44,1,1,1,1,1,1,1,1,1,1,1,1,1,1,0,0,28.2125,29.0403,1
2026-08-06 13:12:44,1,1,1,1,1,1,1,1,1,1,1,0,1,1,0,0,28.5861,27.7729,1
2026-08-06 13:13:44,1,1,1,1,1,1,1,1,1,1,1,1,1,1,0,0,28.044,28.9011,1
2026-08-06 13:14:44,1,1,1,1,1,1,1,1,1,1,1,1,1,1,0,0,27.7289,28.5934,1
2026-08-06 13:15:44,1,1,1,1,1,1,1,1,1,1,1,1,1,1,0,0,27.9267,28.7985,1
2026-08-06 13:16:44,1,1,1,1,1,1,1,1,1,1,1,1,1,1,0,0,28.9377,28.0659,1
2026-08-06 13:17:44,1,1,1,1,1,1,1,1,1,1,1,1,1,1,0,0,28.5641,27.7143,1
2026-08-06 13:18:44,1,1,1,1,1,1,1,1,1,0,1,1,1,1,0,0,27.6703,28.5128,1
2026-08-06 13:19:44,1,1,1,1,1,1,1,1,1,1,1,1,1,1,0,0,28.8425,27.9853,1
2026-08-06 13:20:44,1,1,1,1,1,1,1,1,1,1,1,1,1,1,0,0,27.7802,28.63,1
2026-08-06 13:21:44,1,1,1,1,1,1,1,1,1,1,1,1,1,1,0,0,28.1978,28.967,1
2026-08-06 13:22:44,1,1,1,1,1,1,1,1,1,1,1,1,1,1,0,0,28.7912,28.3516,1
2026-08-06 13:23:44,1,1,1,1,1,1,1,1,1,1,1,1,1,1,0,0,28.4396,27.8462,1
2026-08-06 13:24:44,1,1,1,1,1,1,1,1,1,1,1,1,1,1,0,0,28.1758,29.0549,1
2026-08-06 13:25:44,1,1,1,1,1,1,1,1,1,1,1,1,1,1,0,0,27.7729,28.5861,1
2026-08-06 13:26:44,1,1,1,1,0,1,1,1,1,1,1,1,1,1,0,0,28.3443,28.9451,1
2026-08-06 13:27:44,0,0,0,0,0,0,0,0,0,0,0,0,0,0,0,0,0.2564,0.0147,0
2026-08-06 13:28:44,0,0,0,0,0,0,0,0,0,0,0,0,0,0,0,0,0.2491,0.0147,0
2026-08-06 13:29:44,0,0,0,0,0,0,0,0,0,0,0,0,0,0,0,0,0.1758,0.0147,0
2026-08-06 13:30:44,0,0,0,0,0,0,0,0,0,0,0,0,0,0,0,0,0.2857,0.0147,0
2026-08-06 13:31:44,0,0,0,0,0,0,0,0,0,0,0,0,0,0,0,0,0.1978,0.0073,0
2026-08-06 13:32:44,0,0,0,0,0,0,0,0,0,0,0,0,0,0,0,0,0.2051,0.0073,0
2026-08-06 13:33:44,0,0,0,0,0,0,0,0,0,0,0,0,0,0,0,0,0.2051,0.0147,0
2026-08-06 13:34:44,0,0,0,0,0,0,0,0,0,0,0,0,0,0,0,0,0.2491,0.0073,0
2026-08-06 13:35:44,0,0,0,0,0,0,0,0,0,0,0,0,0,0,0,0,0.1832,0.0073,0
2026-08-06 13:36:44,0,0,0,0,0,0,0,0,0,0,0,0,0,0,0,0,0.2344,0.0073,0
2026-08-06 13:37:44,0,0,0,0,0,0,0,0,0,0,0,0,0,0,0,0,0.1905,0.0073,0
2026-08-06 13:38:44,0,0,0,0,0,0,0,0,0,0,0,0,0,0,0,0,0.1978,0.0073,0
2026-08-06 13:39:44,0,0,0,0,0,0,0,0,0,0,0,0,0,0,0,0,0.2051,0.0147,0
2026-08-06 13:40:44,0,0,0,0,0,0,0,0,0,0,0,0,0,0,0,0,0.1978,0.0147,0
2026-08-06 13:41:44,0,0,0,0,0,0,0,0,0,0,0,0,0,0,0,0,0.1832,0.0073,0
2026-08-06 13:42:44,0,0,0,0,0,0,0,0,0,0,0,0,0,0,0,0,0.2198,0.0073,0
2026-08-06 13:43:44,1,1,1,1,1,1,1,1,1,1,1,1,1,1,0,0,28.4542,28.4615,1
2026-08-06 13:44:44,1,1,1,1,1,1,1,1,1,1,1,1,1,1,0,0,27.8242,28.6447,1
2026-08-06 13:45:44,1,1,1,1,1,1,1,1,1,1,1,1,1,1,0,0,28.8205,28.4029,1
2026-08-06 13:46:44,1,1,1,1,1,1,1,1,1,1,1,1,1,1,0,0,27.8388,28.674,1
2026-08-06 13:47:44,1,1,1,1,1,1,1,1,1,1,1,1,1,1,0,0,28.4908,28.4322,1
2026-08-06 13:48:44,1,1,1,1,1,1,1,1,1,1,1,1,1,1,0,0,27.956,28.8132,1
2026-08-06 13:49:44,1,1,1,1,1,1,1,1,1,1,1,1,1,1,0,0,28.0806,28.9597,1
2026-08-06 13:50:44,1,1,1,1,1,1,1,1,1,1,1,1,1,1,0,0,28.3883,28.9451,1
2026-08-06 13:51:44,1,1,1,1,1,1,1,1,1,1,0,1,1,0,0,0,28.0586,28.9231,1
2026-08-06 13:52:44,1,1,1,1,1,1,1,1,1,1,1,1,1,1,0,0,28.6447,28.4615,1
2026-08-06 13:53:44,1,1,1,1,1,1,1,1,1,1,1,1,1,1,0,0,27.9267,28.7912,1
2026-08-06 13:54:44,1,1,1,1,1,1,1,1,1,1,1,1,1,1,0,0,28.9377,28.2564,1
2026-08-06 13:55:44,1,1,1,1,1,1,1,1,1,1,1,1,1,1,0,0,27.9927,28.8645,1
2026-08-06 13:56:44,1,1,1,1,1,1,1,1,1,1,1,1,0,1,0,0,29.0842,28.2198,1
2026-08-06 13:57:44,1,1,1,1,1,1,1,1,1,1,1,1,1,1,0,0,29.0916,28.2271,1
2026-08-06 13:58:44,1,1,1,1,1,1,1,1,1,1,1,1,1,1,0,0,28.9011,28.044,1
2026-08-06 13:59:44,1,1,1,1,1,1,1,1,1,1,1,1,1,1,0,0,28.2564,29.1355,1
2026-08-06 14:00:44,1,1,1,1,1,1,1,1,1,1,1,1,1,1,0,0,28.8352,28.4396,1
2026-08-06 14:01:44,1,1,1,1,1,1,1,1,1,1,1,1,1,1,0,0,28.5201,28.5714,1
2026-08-06 14:02:44,1,1,1,1,1,1,1,1,1,0,1,1,1,1,0,0,27.6996,28.5934,1
2026-08-06 14:03:44,1,1,1,1,1,1,1,1,1,1,1,1,1,1,0,0,29.1355,28.3004,1
2026-08-06 14:04:44,1,1,1,1,1,1,1,1,1,1,1,1,1,1,0,0,28.0366,28.9084,1
2026-08-06 14:05:44,1,1,1,1,1,1,1,1,1,1,1,1,1,1,0,0,29.0037,28.381,1
2026-08-06 14:06:44,1,1,1,1,1,1,1,1,1,1,1,1,1,1,0,0,28.9963,28.1465,1
2026-08-06 14:07:44,1,1,1,1,1,1,1,1,0,1,1,0,1,1,0,0,27.9414,28.7912,1
2026-08-06 14:08:44,1,1,1,1,1,1,1,1,1,1,1,1,1,1,0,0,28.7985,27.9487,1
2026-08-06 14:09:44,1,1,1,1,1,1,1,1,1,1,1,1,1,1,0,0,28.5861,27.7729,1
2026-08-06 14:10:44,1,1,1,1,1,1,1,1,1,1,1,1,1,1,0,0,28.5128,28.7399,1
2026-08-06 14:11:44,1,1,1,1,1,1,1,1,1,1,1,1,0,1,0,0,28.293,29.1502,1
2026-08-06 14:12:44,1,1,1,1,1,1,1,1,1,1,1,1,1,1,0,0,28.8132,28.4689,1
2026-08-06 14:13:44,1,1,1,1,1,1,1,1,1,1,1,1,1,1,0,0,28.4176,29.0183,1
2026-08-06 14:14:44,1,1,1,1,0,1,1,1,1,1,1,1,1,1,0,0,28.9744,28.4396,1
2026-08-06 14:15:44,1,1,1,1,1,1,1,1,1,1,1,1,1,1,0,0,27.8608,28.7253,1
2026-08-06 14:16:44,1,1,1,1,1,1,1,1,1,1,1,1,1,1,0,0,28.6154,27.7656,1
2026-08-06 14:17:44,1,1,1,1,1,1,1,1,1,1,1,1,1,1,0,0,27.8095,28.696,1
2026-08-06 14:18:44,1,1,1,1,1,1,1,1,1,1,1,1,1,1,0,0,28.8352,27.9927,1
2026-08-06 14:19:44,1,1,1,1,1,1,1,1,1,1,1,1,0,1,0,0,28.2418,29.1355,1
2026-08-06 14:20:44,1,1,1,1,1,1,1,1,1,1,1,1,1,1,0,0,28.5494,28.5641,1
2026-08-06 14:21:44,1,1,1,1,1,1,1,1,1,1,1,1,1,1,0,0,27.8168,28.6886,1
2026-08-06 14:22:44,1,1,1,1,1,1,1,1,1,1,1,1,1,1,0,0,27.8095,28.7106,1
2026-08-06 14:23:44,1,1,1,1,1,1,1,1,1,1,1,1,1,1,0,0,27.9707,28.8864,1
2026-08-06 14:24:44,1,1,1,1,1,1,1,1,1,1,1,1,1,1,0,0,29.033,28.293,1
2026-08-06 14:25:44,1,1,1,1,1,1,1,1,1,1,1,1,1,1,0,0,28.0806,28.9597,1
2026-08-06 14:26:44,1,1,1,1,1,1,1,1,1,1,1,1,1,1,0,0,28.6081,27.7582,1
2026-08-06 14:27:44,1,1,1,1,1,1,1,1,1,1,1,1,1,1,0,0,29.011,28.3077,1
2026-08-06 14:28:44,1,1,1,1,1,1,1,1,1,1,1,1,0,1,0,0,29.0916,28.2198,1
2026-08-06 14:29:44,0,0,0,0,0,0,0,0,0,0,0,0,0,0,0,0,0.2271,0.0147,0
2026-08-06 14:30:44,0,0,0,0,0,0,0,0,0,0,0,0,0,0,0,0,0.2418,0.0147,0
2026-08-06 14:31:44,0,0,0,0,0,0,0,0,0,0,0,0,0,0,0,0,0.2344,0.0147,0
2026-08-06 14:32:44,0,0,0,0,0,0,0,0,0,0,0,0,0,0,0,0,0.2344,0.0147,0
2026-08-06 14:33:44,0,0,0,0,0,0,0,0,0,0,0,0,0,0,0,0,0.2125,0.0147,0
2026-08-06 14:34:44,0,0,0,0,0,0,0,0,0,0,0,0,0,0,0,0,0.2564,0.0147,0
2026-08-06 14:35:44,0,0,0,0,0,0,0,0,0,0,0,0,0,0,0,0,0.1905,0.0147,0
2026-08-06 14:36:44,0,0,0,0,0,0,0,0,0,0,0,0,0,0,0,0,0.2198,0.0073,0
2026-08-06 14:37:44,0,0,0,0,0,0,0,0,0,0,0,0,0,0,0,0,0.1758,0.0147,0
2026-08-06 14:38:44,0,0,0,0,0,0,0,0,0,0,0,0,0,0,0,0,0.1832,0.0147,0
2026-08-06 14:39:44,0,0,0,0,0,0,0,0,0,0,0,0,0,0,0,0,0.2125,0.0147,0
2026-08-06 14:40:44,0,0,0,0,0,0,0,0,0,0,0,0,0,0,0,0,0.1905,0.0147,0
2026-08-06 14:41:44,0,0,0,0,0,0,0,0,0,0,0,0,0,0,0,0,0.2051,0.0147,0
2026-08-06 14:42:44,0,0,0,0,0,0,0,0,0,0,0,0,0,0,0,0,0.2344,0.0147,0
2026-08-06 14:43:44,0,0,0,0,0,0,0,0,0,0,0,0,0,0,0,0,0.1905,0.0147,0
2026-08-06 14:44:44,0,0,0,0,0,0,0,0,0,0,0,0,0,0,0,0,0.2271,0.0147,0
2026-08-06 14:45:44,1,1,1,1,1,1,1,1,1,1,1,1,1,1,0,0,27.9707,28.7473,1
2026-08-06 14:46:44,1,1,1,1,1,1,1,1,1,1,1,1,1,1,0,0,28.4615,28.5201,1
2026-08-06 14:47:44,1,1,1,1,1,1,1,1,1,1,1,1,1,1,0,0,28.293,28.9524,1
2026-08-06 14:48:44,1,1,1,1,1,1,1,1,1,1,1,1,0,1,0,0,29.1136,28.2491,1
2026-08-06 14:49:44,1,1,1,1,1,1,1,1,1,1,1,1,1,1,0,0,28.6154,28.5201,1
2026-08-06 14:50:44,1,1,1,1,1,1,1,1,1,1,1,1,1,1,0,0,28.8352,27.9634,1
2026-08-06 14:51:44,1,1,1,1,1,1,1,1,1,1,1,1,1,1,0,0,28.9084,28.044,1
2026-08-06 14:52:44,1,1,1,1,1,1,1,1,1,1,1,1,1,1,0,0,28.1832,29.0256,1
2026-08-06 14:53:44,1,1,1,1,1,1,1,1,1,1,1,1,1,1,0,0,27.8388,28.674,1
2026-08-06 14:54:44,1,1,1,1,1,1,1,1,1,1,1,1,1,1,0,0,29.0769,28.3736,1
2026-08-06 14:55:44,1,1,1,1,1,1,1,1,1,1,1,1,1,1,0,0,28.5494,28.3516,1
2026-08-06 14:56:44,1,1,1,1,1,1,1,1,1,1,1,1,1,1,0,0,28.989,28.1392,1
2026-08-06 14:57:44,1,1,1,1,1,1,1,1,1,1,1,1,1,1,0,0,27.8315,28.7033,1
2026-08-06 14:58:44,1,1,1,1,1,1,1,1,1,1,1,1,1,1,0,0,28.1832,28.5055,1
2026-08-06 14:59:44,1,1,1,1,1,1,1,1,1,1,1,1,1,1,0,0,28.8425,27.9853,1
2026-08-06 15:00:44,1,1,1,1,1,1,1,1,1,1,1,1,1,1,0,0,29.0037,28.1758,1
2026-08-06 15:01:44,1,1,1,1,1,1,1,1,1,1,1,1,0,1,0,0,29.1429,28.315,1
2026-08-06 15:02:44,1,1,1,1,1,1,1,1,1,1,1,1,1,1,0,0,29.0769,28.1978,1
2026-08-06 15:03:44,1,1,1,1,1,1,1,1,1,1,1,1,1,1,0,0,28.4982,28.8059,1
2026-08-06 15:04:44,1,1,1,1,1,1,1,1,1,1,1,1,1,1,0,0,29.0549,28.1905,1
2026-08-06 15:05:44,1,1,1,1,1,1,1,1,1,1,1,1,1,1,0,0,28.0733,28.9451,1
2026-08-06 15:06:44,1,1,1,1,1,1,1,1,1,1,1,1,1,1,0,0,27.9267,28.8205,1
2026-08-06 15:07:44,1,1,1,1,1,1,1,1,1,1,0,1,1,0,0,0,28.0952,28.8864,1
2026-08-06 15:08:44,1,1,1,1,1,1,1,1,1,1,1,1,1,1,0,0,28.7619,27.8901,1
2026-08-06 15:09:44,1,1,1,1,1,1,1,1,1,1,1,1,1,1,0,0,28.1026,28.967,1
2026-08-06 15:10:44,1,1,1,1,1,1,1,1,1,1,1,1,1,1,0,0,28.9231,28.0586,1
2026-08-06 15:11:44,1,1,1,1,1,1,1,1,1,1,1,1,1,1,0,0,27.8755,28.7179,1
2026-08-06 15:12:44,1,1,1,1,1,1,1,1,0,1,1,0,1,1,0,0,28.7839,27.9121,1
2026-08-06 15:13:44,1,1,1,1,1,1,1,1,1,1,1,1,1,1,0,0,28.1612,28.5055,1
2026-08-06 15:14:44,1,1,1,1,1,1,1,1,1,1,1,1,1,1,0,0,28.6667,27.8168,1
2026-08-06 15:15:44,1,1,1,1,1,1,1,1,1,1,1,1,1,1,0,0,28.7326,28.4249,1
2026-08-06 15:16:44,1,1,1,1,1,1,1,1,1,1,1,1,1,1,0,0,28.4982,28.5275,1
2026-08-06 15:17:44,1,1,1,1,1,1,1,1,1,1,1,1,1,1,0,0,27.7509,28.5641,1
2026-08-06 15:18:44,1,1,1,1,1,1,1,1,1,1,1,1,1,1,0,0,28.359,29.1429,1
2026-08-06 15:19:44,1,1,1,1,1,1,1,1,1,1,1,1,1,1,0,0,27.8535,28.696,1
2026-08-06 15:20:44,1,1,1,1,1,1,1,1,1,1,1,1,1,1,0,0,28.4322,28.9524,1
2026-08-06 15:21:44,1,1,1,1,1,1,1,1,1,1,1,1,1,1,0,0,28.2418,29.1282,1
2026-08-06 15:22:44,1,1,1,1,1,1,1,1,1,1,1,1,1,1,0,0,28.3004,29.1062,1
2026-08-06 15:23:44,1,1,1,1,1,1,1,1,1,1,1,1,1,1,0,0,28.9011,28.0366,1
2026-08-06 15:24:44,1,1,1,1,1,1,1,1,1,1,1,1,0,1,0,0,28.2418,29.1355,1
2026-08-06 15:25:44,1,1,1,1,1,1,1,1,1,1,1,1,1,1,0,0,28.6886,27.8168,1
2026-08-06 15:26:44,1,1,1,1,1,1,1,1,1,1,1,0,1,1,0,0,28.7546,27.9341,1
2026-08-06 15:27:44,1,1,1,1,1,1,1,1,1,1,0,1,1,0,0,0,28.989,28.1245,1
2026-08-06 15:28:44,1,1,1,1,1,1,1,1,1,1,1,1,1,1,0,0,27.8681,28.6886,1
2026-08-06 15:29:44,1,1,1,1,1,1,1,1,1,1,1,1,1,1,0,0,29.1502,28.3004,1
2026-08-06 15:30:44,1,1,1,1,1,1,1,1,1,1,1,1,1,1,0,0,28.359,29.0916,1
2026-08-06 15:31:44,0,0,0,0,0,0,0,0,0,0,0,0,0,0,0,0,0.2784,0.0147,0
2026-08-06 15:32:44,0,0,0,0,0,0,0,0,0,0,0,0,0,0,0,0,0.2564,0.0147,0
2026-08-06 15:33:44,0,0,0,0,0,0,0,0,0,0,0,0,0,0,0,0,0.1612,0.0147,0
2026-08-06 15:34:44,0,0,0,0,0,0,0,0,0,0,0,0,0,0,0,0,0.2125,0.0147,0
2026-08-06 15:35:44,0,0,0,0,0,0,0,0,0,0,0,0,0,0,0,0,0.1538,0.0073,0
2026-08-06 15:36:44,0,0,0,0,0,0,0,0,0,0,0,0,0,0,0,0,0.2051,0.0073,0
2026-08-06 15:37:44,0,0,0,0,0,0,0,0,0,0,0,0,0,0,0,0,0.2271,0.0147,0
2026-08-06 15:38:44,0,0,0,0,0,0,0,0,0,0,0,0,0,0,0,0,0.1978,0.0147,0
2026-08-06 15:39:44,0,0,0,0,0,0,0,0,0,0,0,0,0,0,0,0,0.2198,0.0147,0
2026-08-06 15:40:44,0,0,0,0,0,0,0,0,0,0,0,0,0,0,0,0,0.1758,0.0147,0
2026-08-06 15:41:44,0,0,0,0,0,0,0,0,0,0,0,0,0,0,0,0,0.1538,0.0073,0
2026-08-06 15:42:44,0,0,0,0,0,0,0,0,0,0,0,0,0,0,0,0,0.1758,0.0073,0
2026-08-06 15:43:44,0,0,0,0,0,0,0,0,0,0,0,0,0,0,0,0,0.2125,0.0147,0
2026-08-06 15:44:44,0,0,0,0,0,0,0,0,0,0,0,0,0,0,0,0,0.1758,0.0073,0
2026-08-06 15:45:44,0,0,0,0,0,0,0,0,0,0,0,0,0,0,0,0,0.1538,0.0147,0
2026-08-06 15:46:44,0,0,0,0,0,0,0,0,0,0,0,0,0,0,0,0,0.1978,0.0147,0
2026-08-06 15:47:44,1,1,1,1,1,1,1,1,1,1,1,1,1,1,0,0,28.2198,29.0769,1
2026-08-06 15:48:44,1,1,1,1,1,1,1,1,1,1,1,1,1,1,0,0,27.8315,28.652,1
2026-08-06 15:49:44,1,1,1,1,1,1,1,1,1,1,1,1,1,1,0,0,28.7326,27.8901,1
2026-08-06 15:50:44,1,1,1,1,1,1,1,1,1,1,1,1,1,1,0,0,28.4469,27.8535,1
2026-08-06 15:51:44,1,1,1,1,1,1,1,1,1,1,1,1,1,1,0,0,28.7912,27.9487,1
2026-08-06 15:52:44,1,1,1,1,1,1,1,1,1,1,1,1,1,1,0,0,28.5055,28.7912,1
2026-08-06 15:53:44,1,1,1,1,1,1,1,1,1,1,1,1,1,1,0,0,29.1136,28.2491,1
2026-08-06 15:54:44,1,1,1,1,1,1,1,1,0,1,1,0,1,1,0,0,27.9267,28.7692,1
2026-08-06 15:55:44,1,1,1,1,1,1,1,1,1,1,1,1,1,1,0,0,28.3516,29.1209,1
2026-08-06 15:56:44,1,1,1,1,1,1,1,1,1,1,1,1,1,1,0,0,28.4762,28.8352,1
2026-08-06 15:57:44,1,1,1,1,1,1,1,1,1,1,1,1,1,1,0,0,28.5788,28.2198,1
2026-08-06 15:58:44,1,1,1,1,1,1,1,1,1,1,1,1,1,1,0,0,27.8095,28.6593,1
2026-08-06 15:59:44,1,1,1,1,1,1,1,1,1,1,1,1,1,1,0,0,28.2344,29.1136,1
2026-08-06 16:00:44,1,1,1,1,1,1,1,1,0,1,1,0,1,1,0,0,27.9341,28.7766,1
2026-08-06 16:01:44,1,1,1,1,1,1,1,1,1,1,1,1,1,1,0,0,28.1245,29.0623,1
2026-08-06 16:02:44,1,1,1,1,1,1,1,1,1,1,1,0,1,1,0,0,28.7106,27.8974,1
2026-08-06 16:03:44,1,1,1,1,1,1,1,1,1,1,1,1,1,1,0,0,28.6667,27.8095,1
2026-08-06 16:04:44,1,1,1,1,1,1,1,1,1,1,1,1,1,1,0,0,28.9304,28.0733,1
2026-08-06 16:05:44,1,1,1,1,1,1,1,1,1,1,1,1,1,1,0,0,27.7875,28.6081,1
2026-08-06 16:06:44,1,1,1,1,1,1,1,1,1,1,1,1,1,1,0,0,28.1319,29.0256,1
2026-08-06 16:07:44,1,1,1,1,1,1,1,1,1,1,1,1,1,1,0,0,28.6813,27.8242,1
2026-08-06 16:08:44,1,1,1,1,1,1,1,1,1,1,1,1,1,1,0,0,27.7875,28.6447,1
2026-08-06 16:09:44,1,1,1,1,1,1,1,1,1,1,1,1,1,1,0,0,28.4835,28.7253,1
2026-08-06 16:10:44,1,1,1,1,1,1,1,1,1,1,1,1,1,1,0,0,28.5788,28.337,1
2026-08-06 16:11:44,1,1,1,1,1,1,1,1,1,1,1,1,1,1,0,0,28.1978,29.0696,1
2026-08-06 16:12:44,1,1,1,1,1,1,1,1,1,1,1,1,1,1,0,0,29.0476,28.1538,1
2026-08-06 16:13:44,1,1,1,1,1,1,1,1,1,1,1,1,1,1,0,0,28.6593,27.8095,1
2026-08-06 16:14:44,1,1,1,1,1,1,1,1,1,1,1,1,1,1,0,0,28.2344,29.1136,1
2026-08-06 16:15:44,1,1,1,1,1,1,1,1,1,1,1,1,1,1,0,0,28.4176,29.0476,1
2026-08-06 16:16:44,1,1,1,1,1,1,1,1,1,1,1,1,1,1,0,0,28.3223,29.1722,1
2026-08-06 16:17:44,1,1,1,1,1,1,1,1,1,1,1,1,1,1,0,0,27.8242,28.6813,1
2026-08-06 16:18:44,1,1,1,1,1,1,1,1,1,1,1,1,1,1,0,0,28.9597,28.0952,1
2026-08-06 16:19:44,1,1,1,1,1,1,1,1,1,1,1,1,1,1,0,0,28.967,28.4469,1
2026-08-06 16:20:44,1,1,1,1,1,1,1,1,1,1,1,1,1,1,0,0,28.9597,28.1026,1
2026-08-06 16:21:44,1,1,1,1,1,1,1,1,0,1,1,0,1,1,0,0,27.9707,28.8278,1
2026-08-06 16:22:44,1,1,1,1,1,1,1,1,1,1,1,1,1,1,0,0,28.0293,28.9084,1
2026-08-06 16:23:44,1,1,1,1,1,1,1,1,1,1,1,1,0,1,0,0,29.1941,28.3443,1
2026-08-06 16:24:44,1,1,1,1,1,1,1,1,1,1,1,1,1,1,0,0,28.4029,29.1355,1
2026-08-06 16:25:44,1,1,1,1,1,1,1,1,1,1,1,1,1,1,0,0,28.7179,27.8462,1
2026-08-06 16:26:44,1,1,1,1,1,1,1,1,1,1,1,1,1,1,0,0,28.1245,29.0037,1
2026-08-06 16:27:44,1,1,1,1,1,1,1,1,1,1,1,1,1,1,0,0,29.1502,28.2711,1
2026-08-06 16:28:44,1,1,1,1,1,1,1,1,1,0,1,1,1,1,0,0,27.7949,28.652,1
2026-08-06 16:29:44,1,1,1,1,1,1,1,1,1,1,1,1,1,1,0,0,28.9084,28.0806,1
2026-08-06 16:30:44,1,1,1,1,1,1,1,1,1,1,1,1,1,1,0,0,27.8462,28.7033,1
2026-08-06 16:31:44,1,1,1,1,1,1,1,1,1,1,1,1,1,1,0,0,27.8535,28.7839,1
2026-08-06 16:32:44,1,1,1,1,1,1,1,1,0,1,1,0,1,1,0,0,27.9853,28.8425,1
2026-08-06 16:33:44,0,0,0,0,0,0,0,0,0,0,0,0,0,0,0,0,0.1612,0.0147,0
2026-08-06 16:34:44,0,0,0,0,0,0,0,0,0,0,0,0,0,0,0,0,0.1685,0.0147,0
2026-08-06 16:35:44,0,0,0,0,0,0,0,0,0,0,0,0,0,0,0,0,0.1538,0.0147,0
2026-08-06 16:36:44,0,0,0,0,0,0,0,0,0,0,0,0,0,0,0,0,0.1245,0.0147,0
2026-08-06 16:37:44,0,0,0,0,0,0,0,0,0,0,0,0,0,0,0,0,0.1685,0.0073,0
2026-08-06 16:38:44,0,0,0,0,0,0,0,0,0,0,0,0,0,0,0,0,0.1465,0.0147,0
2026-08-06 16:39:44,0,0,0,0,0,0,0,0,0,0,0,0,0,0,0,0,0.1905,0.0073,0
