datelogged,Off Float,Lead Float,Lag Float,High Float,Motor 1 Run Time Fault,Motor 2 Run Time Fault,Motor 1 Fault,Motor 2 Fault,On Time since reset,Pump1 Run Time Previous Hour,Pump1 Starts Previous Hour,Pump2 Run Time Previous Hour,Pump2 Starts Previous Hour,VBAT,VIN,VOUT,IBAT,IIN,Main Power Loss,Phase 1 Voltage (L1 to L2),Phase 2 Voltage (L2 to L3),Phase 3 Voltage (L3 to L1),Phase 1 Current,Phase 2 Current,Phase 3 Current,Pump 1 Water Fault,Pump 2 Water Fault
2026-08-06 00:08:01,1,1,1,1,0,0,0,0,1316592,3601,0,3601,0,4.1215925216674805,13.142529487609863,13.119860649108887,-0.00003518399898894131,0.033424798399209976,0,244.0117645263672,243.7278289794922,245.03713989257812,0,0.025223175063729286,0,0,0
2026-08-06 00:17:59,1,1,1,1,0,0,0,0,1317147,3601,0,3601,0,4.1215925216674805,13.124390602111816,13.104984283447266,-0.00002492199928383343,0.03562380000948906,0,244.2554473876953,244.146484375,245.09458923339844,0,0.030891956761479378,0,0,0
2026-08-06 00:27:58,1,1,1,1,0,0,0,0,1317702,3601,0,3601,0,4.12197732925415,13.144179344177246,13.121514320373535,-0.000023455999325960875,0.031518999487161636,0,244.32827758789062,243.4656982421875,243.82461547851562,0,0.025223175063729286,0,0,0
2026-08-06 00:37:57,1,1,1,1,0,0,0,0,1318258,3601,0,3601,0,4.1217851638793945,13.132636070251465,13.10828971862793,-0.000023455999325960875,0.03562380000948906,0,244.7934112548828,244.37921142578125,244.38699340820312,0,0.030891956761479378,0,0,0
2026-08-06 00:47:56,1,1,1,1,0,0,0,0,1318813,3601,0,3601,0,4.1215925216674805,13.132636070251465,13.106637001037598,-0.000023455999325960875,0.03357139974832535,0,245.46815490722656,245.03578186035156,245.8825225830078,0,0.030891956761479378,0,0,0
2026-08-06 00:57:55,1,1,1,1,0,0,0,0,1319367,3601,0,3601,0,4.121400356292725,13.142529487609863,13.119860649108887,-0.00002785399919957854,0.032691799104213715,0,245.72830200195312,245.3993682861328,245.8060760498047,0,0.03089195303618908,0,0,0
2026-08-06 01:07:53,1,1,1,1,0,0,0,0,1319922,3601,0,3601,0,4.121400356292725,13.135933876037598,13.121514320373535,-0.000039581998862558976,0.03870239853858948,0,245.7744903564453,245.62306213378906,246.57435607910156,0,0.03089195303618908,0,0,0
2026-08-06 01:17:52,1,1,1,1,0,0,0,0,1320477,3601,0,3601,0,4.1215925216674805,13.142529487609863,13.129778861999512,-0.00002198999936808832,0.033424798399209976,0,244.2861328125,243.8604278564453,243.94418334960938,0,0.030891956761479378,0,0,0
2026-08-06 01:27:51,1,1,1,1,0,0,0,0,1321032,3601,0,3601,0,4.121015548706055,13.130987167358398,13.065312385559082,-0.00003811599890468642,0.03445100039243698,0,244.42913818359375,244.26979064941406,244.93409729003906,0,0.03089195303618908,0,0,0
2026-08-06 01:37:50,1,1,1,1,0,0,0,0,1321588,3601,0,3601,0,4.1212077140808105,13.144179344177246,13.118207931518555,-0.00002492199928383343,0.0322519987821579,0,244.4436492919922,244.2957000732422,244.43704223632812,0,0.03089195303618908,0,0,0
2026-08-06 01:47:49,1,1,1,1,0,0,0,0,1322143,3601,0,3601,0,4.121015548706055,13.124390602111816,13.118207931518555,-0.000020523999410215765,0.03181219846010208,0,244.94920349121094,244.74322509765625,245.2163848876953,0,0.03089195117354393,0,0,0
2026-08-06 01:57:48,1,1,1,1,0,0,0,0,1322698,3601,0,3601,0,4.121015548706055,13.140880584716797,13.119860649108887,-0.000029319999157451093,0.032838400453329086,0,244.90060424804688,244.85842895507812,245.1654815673828,0,0.03089195303618908,0,0,0
2026-08-06 02:07:46,1,1,1,1,0,0,0,0,1323253,3601,0,3601,0,4.121015548706055,13.130987167358398,13.109943389892578,-0.0000322519990731962,0.034597598016262054,0,245.25477600097656,244.98736572265625,244.74554443359375,0,0.03089195303618908,0,0,0
2026-08-06 02:17:45,1,1,1,1,0,0,0,0,1323808,3601,0,3601,0,4.1212077140808105,13.129338264465332,13.116555213928223,-0.00004104799882043153,0.03313159942626953,0,245.48692321777344,245.55972290039062,245.77981567382812,0,0.03089195117354393,0,0,0
2026-08-06 02:27:44,1,1,1,1,0,0,0,0,1324362,3601,0,3601,0,4.121015548706055,13.149126052856445,13.1248197555542,-0.00002492199928383343,0.03166560083627701,0,245.02407836914062,244.580810546875,244.54025268554688,0,0.030891956761479378,0,0,0
2026-08-06 02:37:43,1,1,1,1,0,0,0,0,1324917,3601,0,3601,0,4.120822906494141,13.12768840789795,13.109943389892578,-0.00003371799903106876,0.033424798399209976,0,244.69168090820312,244.0133819580078,243.96368408203125,0,0.03089195303618908,0,0,0
2026-08-06 02:47:42,1,1,1,1,0,0,0,0,1325472,3601,0,3601,0,4.1212077140808105,13.12274169921875,13.096718788146973,-0.00003518399898894131,0.032838400453329086,0,244.75723266601562,244.4110107421875,244.41172790527344,0,0.03089195117354393,0,0,0
2026-08-06 02:57:41,1,1,1,1,0,0,0,0,1326027,3601,0,3601,0,4.121015548706055,13.142529487609863,13.121514320373535,-0.00002785399919957854,0.03195879980921745,0,244.98434448242188,244.8158416748047,245.2811279296875,0,0.03089195117354393,0,0,0
2026-08-06 03:07:40,1,1,1,1,0,0,0,0,1326583,3601,0,3601,0,4.121015548706055,13.089761734008789,13.1248197555542,-0.00003078599911532365,0.0348908007144928,0,245.12594604492188,244.9261474609375,245.0924072265625,0,0.03567095845937729,0,0,0
2026-08-06 03:17:39,1,1,1,1,0,0,0,0,1327138,3601,0,3601,0,4.121015548706055,13.099656105041504,13.11159610748291,-0.000017591999494470656,0.037236399948596954,0,245.5701141357422,245.411865234375,245.623291015625,0,0.03089195303618908,0,0,0
2026-08-06 03:27:37,1,1,1,1,0,0,0,0,1327693,3601,0,3601,0,4.121015548706055,13.119443893432617,13.11159610748291,-0.000042513998778304085,0.03298499807715416,0,245.612548828125,245.16822814941406,245.03038024902344,0,0.03089195117354393,0,0,0
2026-08-06 03:37:36,1,1,1,1,0,0,0,0,1328248,3601,0,3601,0,4.120822906494141,13.140880584716797,13.12812614440918,-0.000020523999410215765,0.03635679930448532,0,245.86793518066406,245.49542236328125,245.42666625976562,0,0.03089195117354393,0,0,0
2026-08-06 03:47:35,1,1,1,1,0,0,0,0,1328803,3601,0,3601,0,4.121015548706055,13.06337833404541,13.050435066223145,-0.000039581998862558976,0.039875198155641556,0,244.06900024414062,244.0487518310547,244.29208374023438,0,0.03089195303618908,0,0,0
2026-08-06 03:57:34,1,1,1,1,0,0,0,0,1329358,3601,0,3601,0,4.120822906494141,13.13923168182373,13.12812614440918,-0.00002492199928383343,0.033424798399209976,0,244.4278564453125,244.11080932617188,244.28663635253906,0,0.03089195303618908,0,0,0
2026-08-06 04:07:33,1,1,1,1,0,0,0,0,1329913,3601,0,3601,0,4.121015548706055,13.130987167358398,13.076883316040039,-0.000026387999241705984,0.03313159942626953,0,244.6885223388672,244.19680786132812,244.26229858398438,0,0.03089195303618908,0,0,0
2026-08-06 04:17:32,1,1,1,1,0,0,0,0,1330468,3601,0,3601,0,4.120630741119385,13.144179344177246,13.13143253326416,-0.00003811599890468642,0.031225798651576042,0,244.79037475585938,244.07534790039062,243.7476043701172,0,0.03089195303618908,0,0,0
2026-08-06 04:27:31,1,1,1,1,0,0,0,0,1331024,3601,0,3601,0,4.120630741119385,13.126039505004883,13.11490249633789,-0.00002198999936808832,0.032105397433042526,0,245.00225830078125,244.9112548828125,244.75277709960938,0,0.03089195117354393,0,0,0
2026-08-06 04:37:30,1,1,1,1,0,0,0,0,1331579,3601,0,3601,0,4.121015548706055,13.135933876037598,13.1248197555542,-0.00002198999936808832,0.0348908007144928,0,244.66043090820312,244.57606506347656,244.36119079589844,0,0.03089195117354393,0,0,0
2026-08-06 04:47:29,1,1,1,1,0,0,0,0,1332134,3601,0,3601,0,4.120822906494141,13.140880584716797,13.136390686035156,-0.000023455999325960875,0.03181219846010208,0,245.173095703125,245.2290496826172,245.3003387451172,0,0.03089195303618908,0,0,0
2026-08-06 04:57:28,1,1,1,1,0,0,0,0,1332690,3601,0,3601,0,4.120822906494141,13.104602813720703,13.123167037963867,-0.00002198999936808832,0.03415779769420624,0,245.3638153076172,245.08303833007812,244.69412231445312,0,0.03089195303618908,0,0,0
2026-08-06 05:07:27,1,1,1,1,0,0,0,0,1333245,3601,0,3601,0,4.120630741119385,13.150774955749512,13.12812614440918,-0.00003078599911532365,0.031518999487161636,0,245.25946044921875,245.15687561035156,244.8278045654297,0,0.03089195117354393,0,0,0
2026-08-06 05:17:25,1,1,1,1,0,0,0,0,1333799,3601,0,3601,0,4.120630741119385,13.114497184753418,13.085147857666016,-0.000020523999410215765,0.030346199870109558,0,245.44178771972656,245.21226501464844,244.9842071533203,0,0.03089195303618908,0,0,0
2026-08-06 05:27:24,1,1,1,1,0,0,0,0,1334354,3601,0,3601,0,4.120822906494141,13.134284973144531,13.119860649108887,-0.000017591999494470656,0.03972860053181648,0,245.9225616455078,245.3755340576172,245.16439819335938,0,0.03089195117354393,0,0,0
2026-08-06 05:37:23,1,1,1,1,0,0,0,0,1334910,3601,0,3601,0,4.120822906494141,13.150774955749512,13.136390686035156,-0.000036649998946813866,0.03298499807715416,0,244.40753173828125,244.2550506591797,244.13014221191406,0,0.03089195303618908,0,0,0
2026-08-06 05:47:22,1,1,1,1,0,0,0,0,1335465,3601,0,3601,0,4.120630741119385,13.11779499053955,13.11159610748291,-0.00002785399919957854,0.035330597311258316,0,244.8328399658203,244.27003479003906,243.75575256347656,0,0.03089195303618908,0,0,0
2026-08-06 05:57:21,1,1,1,1,0,0,0,0,1336020,3601,0,3601,0,4.120630741119385,13.145828247070312,13.138044357299805,-0.000023455999325960875,0.0375295989215374,0,243.67236328125,243.5321807861328,243.0946502685547,0,0.025223175063729286,0,0,0
2026-08-06 06:07:21,1,1,1,1,0,0,0,0,1336576,3601,0,3601,0,4.120630741119385,13.132636070251465,13.118207931518555,-0.00002785399919957854,0.031518999487161636,0,244.06349182128906,243.7133026123047,243.3690185546875,0,0.030891956761479378,0,0,0
2026-08-06 06:17:19,1,1,1,1,0,0,0,0,1337131,3601,0,3601,0,4.120822906494141,13.132636070251465,13.121514320373535,-0.000042513998778304085,0.04163439944386482,0,244.08753967285156,244.04544067382812,243.91949462890625,0,0.03089195303618908,0,0,0
2026-08-06 06:27:18,1,1,1,1,0,0,0,0,1337686,3601,0,3601,0,4.120630741119385,13.142529487609863,13.113248825073242,-0.00002492199928383343,0.0348908007144928,0,244.57907104492188,244.3289031982422,244.17977905273438,0,0.030891956761479378,0,0,0
2026-08-06 06:37:17,1,1,1,1,0,0,0,0,1338241,3601,0,3601,0,4.120822906494141,13.135933876037598,13.134737968444824,-0.00002492199928383343,0.032105397433042526,0,244.56736755371094,244.4864044189453,244.50637817382812,0,0.03089195117354393,0,0,0
2026-08-06 06:47:16,1,1,1,1,0,0,0,0,1338795,3601,0,3601,0,4.120630741119385,13.121092796325684,13.113248825073242,-0.00002198999936808832,0.03371799737215042,0,244.6285400390625,244.341064453125,244.25540161132812,0,0.03089195117354393,0,0,0
2026-08-06 06:57:15,1,1,1,1,0,0,0,0,1339351,3601,0,3601,0,4.120630741119385,13.144179344177246,13.119860649108887,-0.00001905799945234321,0.03195879980921745,0,244.4384002685547,244.23037719726562,244.1653594970703,0,0.03089195303618908,0,0,0
2026-08-06 07:07:14,1,1,1,1,0,0,0,0,1339906,3601,0,3601,0,4.120630741119385,13.126039505004883,13.113248825073242,-0.000036649998946813866,0.03195879980921745,0,244.24183654785156,244.2912139892578,243.9328155517578,0,0.03089195117354393,0,0,0
2026-08-06 07:17:13,1,1,1,1,0,0,0,0,1340461,3601,0,3601,0,4.120630741119385,13.140880584716797,13.12812614440918,-0.000023455999325960875,0.030199598520994186,0,244.2264862060547,244.3660888671875,244.4629669189453,0,0.03089195303618908,0,0,0
2026-08-06 07:27:12,1,1,1,1,0,0,0,0,1341016,3601,0,3601,0,4.120630741119385,13.129338264465332,13.116555213928223,-0.000023455999325960875,0.03445100039243698,0,244.70286560058594,244.3108367919922,244.28378295898438,0,0.030891956761479378,0,0,0
2026-08-06 07:37:11,1,1,1,1,0,0,0,0,1341571,3601,0,3601,0,4.120630741119385,13.137582778930664,13.126473426818848,-0.00004397999873617664,0.03239860013127327,0,244.65121459960938,244.70407104492188,244.68649291992188,0,0.03089195117354393,0,0,0
2026-08-06 07:47:10,1,1,1,1,0,0,0,0,1342126,3601,0,3601,0,4.120630741119385,13.13923168182373,13.123167037963867,-0.00002492199928383343,0.032691799104213715,0,244.7843780517578,244.72071838378906,244.8916778564453,0,0.03089195117354393,0,0,0
2026-08-06 07:57:09,1,1,1,1,0,0,0,0,1342681,3601,0,3601,0,4.120630741119385,13.154072761535645,13.134737968444824,-0.000036649998946813866,0.03107919916510582,0,244.82623291015625,244.5950469970703,244.5801239013672,0,0.03089195303618908,0,0,0
2026-08-06 08:07:07,1,1,1,1,0,0,0,0,1343235,3601,0,3601,0,4.120822906494141,13.12274169921875,13.113248825073242,-0.000026387999241705984,0.03298499807715416,0,244.15164184570312,244.02359008789062,243.6982879638672,0,0.030891956761479378,0,0,0
2026-08-06 08:17:06,1,1,1,1,0,0,0,0,1343790,3601,0,3601,0,4.120630741119385,13.126039505004883,13.119860649108887,-0.0000322519990731962,0.0332782007753849,0,244.17849731445312,244.1519317626953,244.23049926757812,0,0.03089195303618908,0,0,0
2026-08-06 08:27:06,1,1,1,1,0,0,0,0,1344346,3601,0,3601,0,4.120630741119385,13.147477149963379,13.126473426818848,-0.000042513998778304085,0.03181219846010208,0,244.07582092285156,244.0578155517578,243.61524963378906,0,0.03089195303618908,0,0,0
2026-08-06 08:37:05,1,1,1,1,0,0,0,0,1344901,3601,0,3601,0,4.120630741119385,13.130987167358398,13.11159610748291,-0.000023455999325960875,0.033424798399209976,0,244.1658172607422,244.50160217285156,244.72235107421875,0,0.03089195303618908,0,0,0
2026-08-06 08:47:04,1,1,1,1,0,0,0,0,1345456,3601,0,3601,0,4.120822906494141,13.121092796325684,13.083495140075684,-0.00001905799945234321,0.03254519775509834,0,244.05770874023438,244.0791473388672,244.00376892089844,0,0.03089195303618908,0,0,0
2026-08-06 08:57:02,1,1,1,1,0,0,0,0,1346012,3601,0,3601,0,4.120630741119385,13.132636070251465,13.118207931518555,-0.000036649998946813866,0.03357139974832535,0,244.17813110351562,243.79078674316406,243.734375,0,0.025223175063729286,0,0,0
2026-08-06 09:07:01,1,1,1,1,0,0,0,0,1346567,3601,0,3601,0,4.120630741119385,13.142529487609863,13.129778861999512,-0.00003518399898894131,0.0332782007753849,0,243.81517028808594,243.55213928222656,243.42184448242188,0,0.03089195303618908,0,0,0
2026-08-06 09:17:00,1,1,1,1,0,0,0,0,1347122,3601,0,3601,0,4.120630741119385,13.132636070251465,13.11159610748291,-0.000020523999410215765,0.035916998982429504,0,243.62030029296875,243.63299560546875,243.61190795898438,0,0.025223175063729286,0,0,0
2026-08-06 09:26:59,1,1,1,1,0,0,0,0,1347678,3601,0,3601,0,4.120822906494141,13.140880584716797,13.121514320373535,-0.000020523999410215765,0.03371799737215042,0,243.70254516601562,243.8826141357422,244.15635681152344,0,0.03089195303618908,0,0,0
2026-08-06 09:36:58,1,1,1,1,0,0,0,0,1348232,3601,0,3601,0,4.120630741119385,13.129338264465332,13.109943389892578,-0.00002492199928383343,0.03415779769420624,0,243.77366638183594,243.5054931640625,243.46620178222656,0,0.030891956761479378,0,0,0
2026-08-06 09:46:57,1,1,1,1,0,0,0,0,1348787,3601,0,3601,0,4.121015548706055,13.149126052856445,13.118207931518555,-0.00003518399898894131,0.031225798651576042,0,243.4592742919922,243.1561737060547,242.99270629882812,0,0.03089195303618908,0,0,0
2026-08-06 09:56:56,1,1,1,1,0,0,0,0,1349342,3601,0,3601,0,4.120630741119385,13.129338264465332,13.133085250854492,-0.00005277599848341197,0.037822797894477844,0,243.3354034423828,243.3494873046875,243.29330444335938,0,0.03089195303618908,0,0,0
2026-08-06 10:06:55,1,1,1,1,0,0,0,0,1349898,3601,0,3601,0,4.120822906494141,13.140880584716797,13.078536033630371,-0.00003518399898894131,0.031518999487161636,0,243.27255249023438,243.45387268066406,243.3454132080078,0,0.03089195303618908,0,0,0
2026-08-06 10:16:54,1,1,1,1,0,0,0,0,1350453,3601,0,3601,0,4.120630741119385,13.132636070251465,13.11490249633789,-0.00003371799903106876,0.03621019795536995,0,243.30828857421875,243.15745544433594,242.83587646484375,0,0.03089195303618908,0,0,0
2026-08-06 10:26:53,1,1,1,1,0,0,0,0,1351008,3601,0,3601,0,4.120630741119385,13.147477149963379,13.129778861999512,-0.000023455999325960875,0.030932599678635597,0,243.03244018554688,243.20852661132812,243.31651306152344,0,0.025223175063729286,0,0,0
2026-08-06 10:36:52,1,1,1,1,0,0,0,0,1351563,3601,0,3601,0,4.120822906494141,13.12274169921875,13.104984283447266,-0.00002785399919957854,0.03298499807715416,0,243.0872039794922,243.3750762939453,243.39346313476562,0,0.03089195117354393,0,0,0
2026-08-06 10:46:51,1,1,1,1,0,0,0,0,1352119,3601,0,3601,0,4.120630741119385,13.135933876037598,13.134737968444824,-0.00002785399919957854,0.03181219846010208,0,242.90830993652344,242.91929626464844,242.517333984375,0,0.030891956761479378,0,0,0
2026-08-06 10:56:50,1,1,1,1,0,0,0,0,1352674,3601,0,3601,0,4.120630741119385,13.149126052856445,13.090106964111328,-0.000017591999494470656,0.03298499807715416,0,243.40220642089844,243.34437561035156,243.20758056640625,0,0.03089195117354393,0,0,0
2026-08-06 11:06:49,1,1,1,1,0,0,0,0,1353228,3601,0,3601,0,4.120630741119385,13.114497184753418,13.088454246520996,-0.00001905799945234321,0.035330597311258316,0,242.8232879638672,242.83836364746094,242.97952270507812,0,0.030891956761479378,0,0,0
2026-08-06 11:16:48,1,1,1,1,0,0,0,0,1353784,3601,0,3601,0,4.120822906494141,13.132636070251465,13.10828971862793,-0.000045445998694049194,0.0348908007144928,0,242.7964324951172,243.21905517578125,243.40463256835938,0,0.030891956761479378,0,0,0
2026-08-06 11:26:47,1,1,1,1,0,0,0,0,1354339,3601,0,3601,0,4.120822906494141,13.099656105041504,13.11490249633789,-0.00001905799945234321,0.03107919916510582,0,242.7780303955078,242.50184631347656,242.31517028808594,0,0.030891956761479378,0,0,0
2026-08-06 11:36:46,1,1,1,1,0,0,0,0,1354894,3601,0,3601,0,4.120822906494141,13.132636070251465,13.116555213928223,-0.000026387999241705984,0.03298499807715416,0,242.49244689941406,242.72952270507812,242.8070526123047,0,0.03089195303618908,0,0,0
2026-08-06 11:46:45,1,1,1,1,0,0,0,0,1355449,3601,0,3601,0,4.120822906494141,13.144179344177246,13.1248197555542,-0.000042513998778304085,0.031225798651576042,0,243.77194213867188,244.0165252685547,244.00889587402344,0,0.03089195303618908,0,0,0
2026-08-06 11:56:43,1,1,1,1,0,0,0,0,1356005,3601,0,3601,0,4.120822906494141,13.132636070251465,13.11159610748291,-0.00002785399919957854,0.03445100039243698,0,243.87721252441406,243.90538024902344,244.3037872314453,0,0.03089195303618908,0,0,0
2026-08-06 12:06:43,1,1,1,1,0,0,0,0,1356560,3601,0,3601,0,4.121015548706055,13.111198425292969,13.13143253326416,-0.00002198999936808832,0.03694319725036621,0,244.48175048828125,244.39205932617188,244.82846069335938,0,0.03089195303618908,0,0,0
2026-08-06 12:16:42,1,1,1,1,0,0,0,0,1357115,3601,0,3601,0,4.120822906494141,13.10130500793457,13.10828971862793,-0.00003371799903106876,0.034744199365377426,0,244.16229248046875,244.1222686767578,243.9214630126953,0,0.030891956761479378,0,0,0
2026-08-06 12:26:40,1,1,1,1,0,0,0,0,1357671,3601,0,3601,0,4.121015548706055,13.152423858642578,13.141349792480469,-0.000020523999410215765,0.03166560083627701,0,243.76231384277344,244.1110076904297,244.5272216796875,0,0.03567095845937729,0,0,0
2026-08-06 12:36:39,1,1,1,1,0,0,0,0,1358225,3601,0,3601,0,4.121015548706055,13.129338264465332,13.076883316040039,-0.0000161259995365981,0.03518399968743324,0,243.65875244140625,244.32850646972656,245.29464721679688,0,0.03089195117354393,0,0,0
2026-08-06 12:46:38,1,1,1,1,0,0,0,0,1358780,3601,0,3601,0,4.120822906494141,13.154072761535645,13.141349792480469,-0.00002785399919957854,0.032105397433042526,0,243.1400146484375,243.3795166015625,244.3709259033203,0,0.03089195303618908,0,0,0
2026-08-06 12:56:37,1,1,1,1,0,0,0,0,1359335,3601,0,3601,0,4.1212077140808105,13.126039505004883,13.11490249633789,-0.00003371799903106876,0.03386459872126579,0,243.572998046875,243.9015655517578,244.80580139160156,0,0.03089195117354393,0,0,0
2026-08-06 13:06:36,1,1,1,1,0,0,0,0,1359891,3601,0,3601,0,4.121015548706055,13.150774955749512,13.133085250854492,-0.00002492199928383343,0.032838400453329086,0,243.1943359375,243.5301055908203,244.4990997314453,0,0.03089195117354393,0,0,0
2026-08-06 13:16:35,1,1,1,1,0,0,0,0,1360446,3601,0,3601,0,4.1212077140808105,13.126039505004883,13.106637001037598,-0.000029319999157451093,0.03518399968743324,0,242.86520385742188,243.2535400390625,243.5709686279297,0,0.03089195303618908,0,0,0
2026-08-06 13:26:34,1,1,1,1,0,0,0,0,1361001,3601,0,3601,0,4.1212077140808105,13.140880584716797,13.123167037963867,-0.00001905799945234321,0.03239860013127327,0,242.80471801757812,242.705810546875,243.52268981933594,0,0.03089195117354393,0,0,0
2026-08-06 13:36:33,1,1,1,1,0,0,0,0,1361556,3601,0,3601,0,4.121015548706055,13.129338264465332,13.093413352966309,-0.000036649998946813866,0.03430439904332161,0,242.32064819335938,242.60775756835938,243.3332977294922,0,0.025223175063729286,0,0,0
2026-08-06 13:46:32,1,1,1,1,0,0,0,0,1362112,3601,0,3601,0,4.121400356292725,13.135933876037598,13.123167037963867,-0.000017591999494470656,0.03694319725036621,0,241.5378875732422,242.5006561279297,243.24061584472656,0,0.030891956761479378,0,0,0
2026-08-06 13:56:31,1,1,1,1,0,0,0,0,1362666,3601,0,3601,0,4.121400356292725,13.088112831115723,13.098372459411621,-0.00002198999936808832,0.033424798399209976,0,243.41531372070312,244.15748596191406,245.15390014648438,0,0.030891956761479378,0,0,0
2026-08-06 14:06:29,1,1,1,1,0,0,0,0,1363221,3601,0,3601,0,4.1215925216674805,13.132636070251465,13.106637001037598,-0.000017591999494470656,0.034597598016262054,0,243.07998657226562,243.16810607910156,243.6986541748047,0,0.030891956761479378,0,0,0
2026-08-06 14:16:28,1,1,1,1,0,0,0,0,1363776,3601,0,3601,0,4.1215925216674805,13.134284973144531,13.121514320373535,-0.0000161259995365981,0.03049279935657978,0,243.1851806640625,243.1820831298828,244.0623321533203,0,0.03089195303618908,0,0,0
2026-08-06 14:26:27,1,1,1,1,0,0,0,0,1364332,3601,0,3601,0,4.1215925216674805,13.091410636901855,13.11159610748291,-0.000020523999410215765,0.0348908007144928,0,242.85887145996094,242.89163208007812,243.91688537597656,0,0.03089195303618908,0,0,0
2026-08-06 14:36:26,1,1,1,1,0,0,0,0,1364887,3601,0,3601,0,4.1217851638793945,13.140880584716797,13.1248197555542,-0.00002785399919957854,0.030199598520994186,0,241.8424072265625,242.23561096191406,243.2145538330078,0,0.03089195117354393,0,0,0
2026-08-06 14:46:25,1,1,1,1,0,0,0,0,1365442,3601,0,3601,0,4.1215925216674805,13.132636070251465,13.113248825073242,-0.00002785399919957854,0.03386459872126579,0,242.02818298339844,242.51686096191406,243.64645385742188,0,0.03089195303618908,0,0,0
2026-08-06 14:56:24,1,1,1,1,0,0,0,0,1365997,3601,0,3601,0,4.12197732925415,13.098007202148438,13.123167037963867,-0.000036649998946813866,0.032838400453329086,0,242.37229919433594,242.59063720703125,243.4223175048828,0,0.03089195303618908,0,0,0
2026-08-06 15:06:23,1,1,1,1,0,0,0,0,1366552,3601,0,3601,0,4.1217851638793945,13.142529487609863,13.113248825073242,-0.000026387999241705984,0.03107919916510582,0,241.709228515625,242.03897094726562,242.5921173095703,0,0.03089195303618908,0,0,0
2026-08-06 15:16:21,1,1,1,1,0,0,0,0,1367107,3601,0,3601,0,4.12197732925415,13.081517219543457,13.055394172668457,-0.00002198999936808832,0.036063600331544876,0,242.44277954101562,242.17161560058594,242.99911499023438,0,0.03089195303618908,0,0,0
2026-08-06 15:26:20,1,1,1,1,0,0,0,0,1367661,3601,0,3601,0,4.12197732925415,13.12768840789795,13.11159610748291,-0.000039581998862558976,0.03195879980921745,0,242.1835479736328,242.4326171875,243.39443969726562,0,0.03089195117354393,0,0,0
2026-08-06 15:36:19,1,1,1,1,0,0,0,0,1368216,3601,0,3601,0,4.1221699714660645,13.137582778930664,13.118207931518555,-0.000017591999494470656,0.03371799737215042,0,243.03834533691406,243.31178283691406,244.6154327392578,0,0.030891956761479378,0,0,0
2026-08-06 15:46:18,1,1,1,1,0,0,0,0,1368771,3601,0,3601,0,4.12236213684082,13.10625171661377,13.104984283447266,-0.00002785399919957854,0.035916998982429504,0,242.47244262695312,243.2897186279297,244.79248046875,0,0.03089195303618908,0,0,0
2026-08-06 15:56:16,1,1,1,1,0,0,0,0,1369326,3601,0,3601,0,4.12197732925415,13.121092796325684,13.101677894592285,-0.00003518399898894131,0.035916998982429504,0,241.82528686523438,242.2643585205078,242.8003387451172,0,0.03089195303618908,0,0,0
2026-08-06 16:06:15,1,1,1,1,0,0,0,0,1369882,3601,0,3601,0,4.1221699714660645,13.130987167358398,13.119860649108887,-0.00002198999936808832,0.03239860013127327,0,243.8261260986328,244.08023071289062,245.33657836914062,0,0.030891956761479378,0,0,0
2026-08-06 16:16:14,1,1,1,1,0,0,0,0,1370437,3601,0,3601,0,4.122554779052734,13.109549522399902,13.106637001037598,-0.00002492199928383343,0.03767620027065277,0,243.4357452392578,243.6731719970703,244.79066467285156,0,0.030891956761479378,0,0,0
2026-08-06 16:26:12,1,1,1,1,0,0,0,0,1370992,3601,0,3601,0,4.122554779052734,13.074920654296875,13.09175968170166,-0.000017591999494470656,0.03708979859948158,0,242.90904235839844,243.5301055908203,245.1522979736328,0,0.03089195117354393,0,0,0
